hindi,complaint,category
गांव भालौठ (रोहतक) के पास एक कार को ट्रक ने पीछे से टक्कर मार दी। जिसमे कार में सवार दोनो व्यक्तियों की मौका पर ही मौत हो गई।,,accident
व्यक्ति ने बताया वह साइकिल पर घर जा रहा था कि पीछे से आई सफेद रंग की कार ने उसे टक्कर मार दी। इसके बाद वह गिर पड़ा और घायल हो गया ।,,accident
पंचकूला में कर्जे से परेशान हो क्र एक आदमी ने अपने दोस्त के साथ मिल क्र अपनी गर्लफ्रेंड का घर लूटा । लूट के बाद से दोनों ही फरार है,,theft
बच्ची की मां ने बताया कि उसकी बेटा के एक सहपाठी ने स्कूल में लंच ब्रेक के दौरान उसके साथ रेप की कोशिश की है. मामला सिरसा का है.,,rape
"पंचकुला का रहना वाला आरोपी पवन कुमार, (जो वर्तमान में दिल्ली के रोहिणी में
रह रहा है) एक शानदार जीवन शैली पसंद करता है और उसकी दो गर्लफ्रेंड हैं- एक
दिल्ली में और दूसरी उनके पैतृक स्थान पर।17 मार्च को सुशील अग्रवाल से एक
शिकायत मिली थी कि उन्होंने अपने परिवार के ड्राइवर पवन कुमार को नेताजी सुभाष
प्लेस में अपने भतीजे के कार्यालय में 20 लाख रुपये की राशि छोड़ने के लिए भेजा था।
रास्ते में हिंदू राव अस्पताल के पास उक्त पैसे कार से लूट लिए गए, जबकि पवन कुमार
बीएमडब्ल्यू का टायर बदल रहा था। लेकिन जब चालक से पूछताछ की गई तो ऐसा
लगा कि घटना में उसकी कोई मिलीभगत है।",,theft
बहादुरगढ़ के पास से होकर गुजर रहे केएमपी यानी कुंडली-मानेसर-पलवल एक्सप्रेस-वे पर एक बार फिर से रफ्तार का कहर देखने को मिला है। यहां दो अलग- अलग हादसों में दो लोगों की मौत हो गई। घटना की सूचना मिलते ही पुलिस मौके पर पहुंची और दोनों के शवों को पोस्टमार्टम के लिए बहादुरगढ़ के सामान्य अस्पताल लाया गया। दुर्घटनाओं में मारे गए किसी भी व्यक्ति की पहचान फिलहाल नहीं हो पाई है।,,accident
गांव बीड सॉटी (कुरुक्षेत्र) के पास एक कावड़िये को कार ने टक्कर मारी जिसे घायल अवस्था में एलएनजेपी अस्मताल कुरूक्षेत्र में लाया गया। जहां से ईलाज के बाद संगरूर के लिए चला गया। कावड़िये का नाम अमर सिंह पुत्र जिन्द्र सिंह वासी संगरूर (पंजाब) था।,,accident
राजस्थान के गोगामेड़ी से दर्शन कर लौट रहा यह परिवार हरियाणा के बहादुरगढ़ में शुक्रवार तड़के बादली-गुरुग्राम मार्ग पर सड़क हादसे का शिकार हो गया. हादसे में परिवार के आठ लोगों की मौत की खबर सुनकर गांव में मातम पसर गया है.,,accident
उत्तर प्रदेश के गांव नगला अनूप में एक हादसे ने शिव कुमार के पूरे परिवार की ले ली. इस एक्सीडेंट में शिव कुमार का पूरा परिवार खत्म हो गया. राजस्थान के गोगामेड़ी से दर्शन कर लौट रहा यह परिवार हरियाणा के बहादुरगढ़ में शुक्रवार तड़के - गुरुग्राम मार्ग पर सड़क हादसे का शिकार हो गया. हादसे में परिवार के आठ लोगों की मौत की खबर सुनकर गांव में मातम पसर गया है.,,accident
"एक डकैती के दौरान आज रात को हरियाणा के करनाल शहर में एक दुकान से लूटपाट हुई। अज्ञात चोरों ने दुकान के मालिक और ग्राहकों को धमकाकर मौजूदा संपत्ति को चुरा लिया है। सूचनाओं के अनुसार, घटना रात के लगभग 9 बजे हुई, जब दुकान में कई ग्राहक धाराप्रवाह थे। चोरों ने मास्क पहने हुए वापसी के दरवाजे को बंद कर दिया और घुसकर दुकान के संचालन को नियंत्रित कर लिया।",,theft
"रेवाड़ी जिले में आरोपियों ने पहले तुलाराम विहार कॉलोनी में किराये के एक कमरे में
महिला के साथ सामूहिक बलात्कार किया। इसके बाद उन्होंने एक होटल के कमरे में
दोबारा उसके साथ दुष्कर्म किया।",,rape
"2 बाइक पर सवार 6 अपराधियों ने हथियार के बल पर लगभग 4 लाख रुपए
लूटकर तुर्की की तरफ फरार हो गए. अपराधियों ने दहशत फैलाने के लिए 6 फायर
किया.लेकिन सभी कर्मी बाल बाल बचे",,theft
यमुनानगर के रादौर में वर्ष 1995 में अपने साथियों के साथ मिलकर दंपति से मारपीट कर लूट के मामले में फरार चल रहे आरोपी को अंबाला एसटीएफ की टीम ने काबू कर लिया है। आरोपी ओमप्रकाश पर 5 हजार रुपये का ईनाम भी रखा हुआ था और इलाका पुलिस के लिए इसकी गिरफ्तारी सिरदर्द बनी हुई थी। ओमप्रकाश की पुलिस पिछले 28 साल से तलाश कर रही थी।,,theft
"यमुनानगर में रुपये हड़पने के लिए नाबालिक लड़के को तीन लोगों ने यमुना में डुबो
कर मार डाला. परिवार के मुताबिक 19 मई के दिन नाबालिक बच्चे को उसके तीन
दोस्त बुलाकर ले गए. कुछ घंटे बाद उन्हीं दोस्तों ने मृतक के परिवार को यमुना में डूबने
की सूचना दी.",,murder
"हरियाणा के यमुनानगर जिले में एक सरकारी अस्पताल के अंदर मानसिक रूप से
विक्षिप्त एक लड़की से एक कर्मचारी ने कथित तौर पर बलात्कार किया।",,rape
बेटी के साथ कई बार दुष्कर्म करने के मामले में एक व्यक्ति को 10 साल कैद की सजा सुनाई है.,,rape
"स्टेट बैंक ऑफ इंडिया के एटीएम को निशाना बनाने वाले एक गिरोह द्वारा लूटे गए
सारे पैसों को समय रहते पहुंचकर बचाने में कामयाब रही.",,theft
"पंचकुला में महज 500 रुपये के लिए जम्मू कश्मीर से मजदूरी कर घर लौटे युवक
की उसके दोस्तों ने निर्मम हत्या कर दी. सभी दोस्तों के बीच लुड्डो के खेल में 500 की
बाजी लगी थी.युवक की चाकू से रेतकर निर्मम हत्या के बाद माथे को ईंट से फोड़ दिया
गया था.जम्मू कश्मीर से चार दिन पहले मजदूरी कर घर लौटे सुभाष के पास नगदी
करीब 80 हज़ार रुपये थे. जो साथ लेकर सोमवार की शाम अपने दोस्तों के साथ
बाज़ार गया देर शाम घर वापस नहीं लौटने पर परिजन परेशान रहे. इसी बीच मंगलवार
को सुभाष का शव खून से सना हुआ सबुनी स्कूल के भवन में पाया गया.हालांकि बाद में
पैसा भी लौटा दिया लेकिन फ़िर सुभाष को उसके चार दोस्तों ने साथ बुलाकर नशा
दिया और फ़िर उसकी चाकू से रेतकर व ईंट से कुचल कर निर्मम हत्या कर दी.",,murder
"हरियाणा रेवाड़ी – रोहतक हाइवे पर ट्रेलर चालक को बंधक बनाकर ट्रेलर
(ट्रक) को लूटने की वारदात में शामिल तीन आरोपियों को रेवाड़ी पुलिस ने
गिरफ्तार किया है.",,theft
"हरियाणा में यमुनानगर के एक गांव में 14 वर्षीय एक किशोरी को चार लोगों ने
उसके घर से अगवा कर लिया और सुनसान जगह पर ले जाकर उससे कथित तौर पर
गैंगरेप किया.ड़की के परिवार की ओर से दर्ज कराई गई शिकायत के मुताबिक घटना
के वक्त शनिवार को वह घर में अकेली थी.",,rape
रोहतक - पानीपत रोड पर गांव मकड़ौली खुर्द पुल पर एक डम्फर व साईकिल चालक का एक्सीडेंट हो गया। जिसमें साईकिल चालक शंकी (उम्र 8 / 10 साल) वासी मकडोली खुर्द की मौत हो गई ।,,accident
हरियाणा के जींद से युवती को बंधक बनाकर रेप करने का मामला.युवती ने पुलिस को दी शिकायत में बताया कि बीते 4 नवंबर की रात दीपक उसे जबरन अपने साथ ले गया.,,rape
"हरियाणा के फरीदाबाद स्थित सेक्टर-12 में एक व्यक्ति की कथित तौर पर पीट-पीट
कर हत्या करने के आरोप है शुक्रवार देर रात को एडेल्को मॉल इलाके में चारों
आरोपियों की दो लोगों से झगड़ा हुआ.साहिल और अरमान की पिटाई करने के बाद
पप्पू, शिव, राजू और बाबूलाल मौके से फरार हो गए.दोनों घायलों को उनके परिवार के
सदस्य अस्पताल ले गए जहां डॉक्टरों ने साहिल को मृत घोषित कर दिया जबकि
अरमान का इलाज किया जा रहा है.",,murder
"हरियाणा के नुह में 17 साल की लड़की ने कथित गैंगरेप के बाद आत्महत्या कर ली.
बताया जा रहा है कि उसके साथ 8 लोगों ने मिलकर कथित गैंगरेप किया था",,rape
सफीदों रोड गांव निर्जन (जीन्द) के पास एक मोटरसाइकिल को किसी अज्ञात वाहन ने टक्कर मारी दी। मोटरसाईकिल पर सवार पति पत्नी सहित 3 बच्चों की मौत हो गई।,,accident
"हरियाणा के कैथल में एक दलित लड़की को अगवा कर उसके साथ गैंगरेप करने
का मामला सामने आया है।",,rape
खेमारू गांव में 24 जून को बंद पड़ी माइंस के पानी में युवक का शव मिलने के मामले में परिजनों ने हत्या का आरोप लगाया है.,,murder
"दिल्ली जा रही एक प्राइवेट बस अंबाला-चंडीगढ़ नेशनल हाइवे पर सोमवार सुबह सड़क किनारे खड़ी दो अन्य टूरिस्ट बसों से जा टकराई, जिससे पांच लोगों की मौत हो गई. पुलिस ने बताया कि हादसे में 12 अन्य मुसाफिर जख्मी हो गए और उन्हें अंबाला के सरकारी अस्पताल में दाखिल कराया गया है.",,accident
"सभी हत्याएं रॉड से पीट-पीटकर की गई हैं. पलवल में आज सुबह करीब 2 से 4
बजे के बीच ये हत्याएं हुई हैं",,murder
"हरियाणा में पुलिस उपाधीक्षक (डीएसपी) सुरेंद्र सिंह की हत्या . ट्रक ने डीएसपी को
कुचला.",,murder
"गुड़गांव के मानेसर में 23 वर्षीय एक गर्भवती युवती से कथित तौर सामूहिक
बलात्कार का मामला.ऑटो चालक ने अपने दो साथियों के साथ मिलकर इस घटना को
अंजाम दिया. उन्होंने बताया कि यह घटना 21 मई की है जब छह माह की गर्भवती
पीड़िता नियमित जांच के लिए अपने पति के साथ साइकिल से एक अस्पताल जा रही
थी.",,rape
जींद जिले के नरवाना में उझाना बस स्टैंड के पास दर्दनाक हादसा हो गया जहां संतुलन बिगड़ने से कार पलट गई। इसमें कार सवार दो युवकों की मौत हो गई जबकि तीसरा युवक गंभीर रूप से घायल है। सूचना मिलते ही पुलिस मौके पर पहुंची और जांच जुट गई।,,accident
गांव कमाच खेड़ा (जीन्द) के 25 / 30 ग्रामीण एक टाटा ऐस गाडी में हरिद्वार नहाने जा रहे थे। जिनका पानीपत से सनोली रोड पर एक ट्रक के साथ एक्सीडेंट हो गया। जिसमें 4 लोगो को चोटें लगी और 2 की मौत हो गई। घायल को पीजीआई रोहतक में दाखिल करवाया गया।,,accident
हरियाणा में 4 लड़कों ने दो नाबालिग बहनों के साथ दुष्कर्म किया और फिर उसे कीटनाशक पीने को मजबूर किया. जिससे उनकी मौत हो गई. चारों युवकों की उम्र 22 से 25 साल के बीच है.,,rape
"नूंह होडल रोड पर स्कूल बस और ट्रक में जोरदार भिड़ंत हो गई, बस में एक निजी स्कूल के बच्चे सवार थे. इस हादसे में 15 से ज्यादा बच्चे घायल हो गए, तो वहीं 3 बच्चों की हालात गंभीर बताई जा रही है. सभी घायल बच्चों को नजदीकी अस्पताल में भर्ती कराया गया है. वहीं पलवल में तीन वाहनों के टकराने से 2 लोगों की मौत हो गई और कई लोग घायल हो गए.",,accident
"पति ने चाकू मारकर की पत्नी की हत्या, फिर फंदे से लटककर दे दी जान. पंचकुला में एक व्यक्ति ने बुधवार को सुबह आपसी विवाद के बाद अपनी पत्नी की चाकू घोंपकर कथित रूप से हत्या कर दी और फिर फंदे से लटककर आत्महत्या कर ली.",,murder
यमुनानगर में एक व्यक्ति के मछली देने से इंकार करने पर गोली मारकर हत्या कर दी गई.,,murder
"यमुनानगर में विवादित भूमि के स्वामित्व विवाद को ले एक युवक की गोली मारकर
हत्या कर दी गई.",,murder
चेकडैम से एक महिला का शव बरामद हुआ है. काफी समय तक इस शव को पहचानने की कोशिश की जाती रही.,,murder
"घटना मुख्यमंत्री के गृहजिले रोहतक की है, जहां एक महिला ने दो लड़कों पर
बलात्कार का आरोप लगाया है।",,rape
"हरियाणा के सोनीपत जिले में एक नाबालिग बलात्कार पीड़ित ने अपने ऊपर मिट्टी
का तेल डालकर खुद को आग लगा ली। लड़की को पीजीआई रोहतक ले जाया गया,
जहां उसकी हालत काफी गंभीर बनी हुई है।",,rape
"हरियाणा के रेवाड़ी जिले में नामी स्कूल में म्यूजिक टीचर पर कक्षा चौथी में पढ़ने
वाली बच्ची से छेड़छाड़ का मामला सामने आया है.",,rape
"पहले महिला से गैंगरेप किया और फिर उसे गोली मार दी. महिला की गंभीर हालत
के चलते उसे पीजीआई में भर्ती किया गया है. मामला हरियाणा के रोहतक जिले का
है.",,rape
बस्ती की तरफ जा रही ओवरस्पीड फॉर्च्यूनर कार बेकाबू होकर डिवाइडर पर चढ़ गई जिसके बाद वह उछलकर रोड के दूसरी तरफ पलटियां खाते हुए एक एक्टिवा सवार दम्पति पर जा गिरी।,,accident
हिसार में महिला ने अपने बचो को मार क्र उनकी लाश को झाड़ियों में फें का.,,murder
"विजय की तीन लड़की व एक लड़का है. महिला ने बताया कि 26 मई 2020 को
विजय की 15 साल की बड़ी बेटी रोते हुए उसके पास आई और बताया कि उसका पिता
करीब एक माह से उसके साथ गलत काम कर रहा है.",,rape
सड़क हादसे में गंभीर रूप से घायल हुए एक व्यक्ति की मौत हो जाने की खबर सामने आई है। एक अज्ञात व्यक्ति भिखारी मानसिक रूप से परेशान था।,,accident
पप्पू यादव अपने पत्नी मिली सिंह और पुत्री के साथ घूम कर रात में घर आए थे. जहां उनके घर के भीतर पहले से घात लगाए अपराधी बैठे थे एक घर में घुसकर पति पत्नी को गोली मारी है. इस वारदात में पत्नी को तीन गोली लगी है. अपराधियों ने एक गोली सिर में मारी है जिससे उनकी घटनास्थल पर ही मौत हो गई.,,murder
"गुरुग्राम, में गुरुवार की रात नवविवाहित दंपति पर हथियारों से लैस बदमाशों ने कई
राउंड फायरिंग की. युवक की मौत हो गई. फायरिंग में घायल उसकी पत्नी की हालत
नाजुक बनी हुई है.",,murder
"हरियाणा के फरीदाबाद जिले की त्रिखा कॉलोनी में पड़ोस में रहने वाले दो युवकों ने
सात वर्ष की बच्ची के साथ कथित रूप से सामूहिक बलात्कार किया। बच्ची को गंभीर
हालत में अस्पताल में भर्ती कराया गया है।",,rape
"दिल्ली से सटे फरीदाबाद से भी बुराड़ी जैसा मामला सामने आया है. शहर की
अग्रवाल सोसाइटी में एक ईसाई परिवार के चार लोगों ने फांसी लगाकर खुदकुशी कर
ली. पुलिस ने शनिवार को मौके पर पहुंचकर दरवाजा खोला तो अंदर चारों के शव फंदे
से लटके मिले. शव बुरी हालत में थे, जिससे ऐसा लगता है कि आत्महत्या की यह
घटना कई दिन पहले हुई. पुलिस को मौके से एक सुसाइड नोट भी मिला है, जिसमें
किसी को मौत का जिम्मेदार नहीं बताया गया है.",,murder
आज समय 6.30 एएम पर मुबारकपुर दिल्ली में किसी वाहन द्वारा कावड़ियों को टक्कर मारने पर कुण्डली बॉर्डर सोनीपत पर जाम लगाया (किसने जाम लगाया पता कर लेना) ज्ञात हुआ है कि उक्त सड़क दुघर्टना के कारण दिल्ली बार्डर पर वाहनों को रोका गया था। हरियाणा पुलिस ने एतिहात के तौर पर भारी वाहनों को राई में ही रूकवा दिया था तथा जाम में फसे वाहनों को जांटी मोड सोनीपत से भेजा गया। समय 11:30 ए. एम. पर दिल्ली पुलिस द्वारा डल्के वाहनों को दिल्ली में जाने की अनुमति दे दी गई।,,accident
"एक घर की लूटपाट के दौरान अज्ञात चोरों ने आज रात को फरीदाबाद, हरियाणा के एक आवास में घुसकर सम्पत्ति चुराई। घटना रात के लगभग 2 बजे हुई, जब घर के स्वामी और परिवार के सदस्य सो रहे थे। चोरों ने घर के प्रमुख द्वार को तोड़कर आवास में प्रवेश किया। उन्होंने अपने मास्क धारण किए हुए वापसी के दरवाजे को बंद कर दिया, ताकि कोई भी संदेह ना करें। चोरों ने धनी ज्वेलरी, नकदी और महंगे वस्त्रों की एक बड़ी राशि को अपने कब्जे में लिया। उन्होंने घर में मौजूद सामग्री को अवरोधित करके निकल जाने का प्रयास किया, ताकि कोई भी आवाज़ या आपत्ति न हो।",,theft
माजरी चौक पंचकुला के पास घग्गर पुल पर दो कार की आमने सामने टक्कर हो गई। जिस कारण एक कार पर दो युवकों की मौत हो गई और एक युवक गंभीर रुप से घायल हो गया। जिसे पीजीआई चण्डीगढ में दाखिल करवाया गया।,,accident
"बदले की भावना में एक पूर्व प्रेमी ने 21 वर्षीय युवती को पहले किडनैप किया और
फिर उसे कार से करीब 650 किलोमीटर दूर ले जाकर दक्षिण ऑस्ट्रेलिया के फ्लिंडर्स
रेंज्स में जिंदा दफन कर दिया. सुनवाई के दौरान कोर्ट में इस बारे में जानकारी दी गई.",,murder
गांव तिगरा (यमुनानगर ) के नजदीक पंचकुला - सहारनपुर रोड पर कावडिए यादविन्द्र पुत्र सोम वर्मा वासी जाखल मंडी जिला फतेहाबाद को मोटरसाईकल सवार सबीर वासी गंगोह जिला सहारनपुर ने टक्कर मारी। दोनों को हल्की चोटें आई। जिनको उपचार के लिए सिविल अस्पताल यमुनानगर ले जाया गया।,,accident
"""मैं कॉलेज से बाहर आई... ये पांच लोग कार में थे..."" पीड़िता के अनुसार, इसके
बाद उन्होंने उसे कार में खींच लिया, उसे नशीली दवा पिलाई, और उसकी बेहोशी की
हालत में उसके साथ बलात्कार किया। पीड़िता ने बताया कि उसके बाद वे उसे झाड़ियों
के पास फें ककर चले गए।",,rape
"करौली टोडाभीम के नादौती थाना अंतर्गत भीलापाड़ा रोड पर एक कुएं में युवती का
शव मिला. युवती के साथ पहले गैंगरेप और फिर एसिड डाल कर हत्या करने तथा
उसके बाद कुएं में फें कने की आशंका जताई है.",,murder
"भैणी भैरो से जताई गांव, खरेंसी से बैंसी व बेड़वा से पुट्ठी तक करीब पांच दिन पहले
तीन सड़कें ही चोरी हो गई। कृषि विपणन बोर्ड ने पुलिस को शिकायत दी है। इस
अजीबो-गरीब चोरी ने पुलिस को खुली चुनौती दी है।",,theft
"बहादुरगढ़ में सरकारी जमीन पर धान की रोपाई करने पर किसान की पीट-पीटकर
हत्या कर दी गई.",,murder
"हरियाणा के झज्जर जिले में पुलिस ने चोरी की 20 लाख की वारदात चोरी की
वारदात 15 अप्रैल को बहादुरगढ़ के देव नगर में एक प्रॉपर्टी डीलर के यहां हुई थी।
जिस वक्त यह वारदात हुई उस समय प्रॉपर्टी डीलर परिवार सहित एक शादी समारोह में
शिरकत करने गया हुआ था। आरोपी चोर पर इससे पहले भी चोरी और गिरोहबंदी के
करीब 10 मुकदमे राजधानी दिल्ली और हरियाणा में दर्ज हैं।",,theft
कबाड़ी रोड स्थित रुई धागे की फैक्ट्री में आज सुबह करीब 5.30 बजे भीषण आग लग गई. आग से फैक्ट्री में रखा रुई का धागा व मशीनें जलकर नष्ट हो गईं. फैक्ट्री मालिक के अनुसार लाखों रुपये का नुकसान हुआ है.,,accident
"हरियाणा के करनाल में मई में हुई चोरी के मामले में पुलिस को बड़ी कामयाबी हाथ
लगी है. पुलिस ने आरोपी को गिरफ्तार कर लिया है. गिरफ्तारी के बाद आरोपी ने हैरान
कर देने वाले किस्से बताएं हैं",,theft
"आज रात को हरियाणा के जींद शहर में एक रोडवेज़ धारा की घटना हुई, जहां अपराधियों ने ट्रक को रोककर मालामाल सामग्री चुरा ली है। घटना की तारीख 16 जुलाई है, जब ट्रक ड्राइवर अपनी यात्रा कर रहा था। अचानक आपत्तिजनक वाहनों द्वारा रास्ता रोका गया और अज्ञात चोर ट्रक पर हमला करने लगे।",,theft
"प्रेमी और प्रेमिका ने मिलकर प्रेमिका के दो मासूम बच्चों की हत्या कर दी. प्रेमी के
सिर पर तो खून सवार था उसका साथ दिया बच्चों की मां ने जो उस व्यक्ति से प्रेम
करती थी.",,murder
पंचकूला केमुख्य मार्ग पर स्थानीय शहर बलाचौर के बाईपास के रक्का कंगनापुल से आधा किलोमीटर पहले एक कार की स्कूटर से टक्कर हो गई।,,accident
धर्मेन्द्र पासवान उम्र 38 साल अपने पुत्र शिवम उम्र 9 साल वासी शास्त्री कालोनी समालखा (पानीपत) मोटरसाईकिल पर समालखा की ओर आ रहे थे। गांव किवाना व समालखा के बीच मोटसाईकिल किसी अज्ञात वाहन की चपेट में आ गई। जिससे दोनो पिता व पुत्र की मौत हो गई ।,,accident
"मौड़- रामपुरा रोड पर दर्दनाक हादसे में कार चालक समेत 3 लोगों की मौके पर ही मौत हो गई, जबकि कार में सवार एक महिला गंभीर रूप से घायल हो गई।",,accident
"महेंद्रगढ़ के कनीना में बाइक की आमने-सामने की टक्कर हो गई। मनजीत निवासी
नाहड़ जो अपनी बाईक से अपनी बहन को लेकर उसकी ससुराल नारनौल के पास
छोड़ने जा रहा था। रास्ते में चेलावास गांव के पास आगे से आ रही बाइक ने उन्हें टक्कर
मार दी।जिसमें मनजीत व उसकी बहन की हत्या हो गयी",,murder
"शख्स ने पत्नी से अवैध संबंध के शक के आधार पर दूसरे व्यक्ति का गला रेत दिया
और फिर मुंह लगाकर उसके गले से निकल रहा खून पी गया. इतना ही नहीं इस पूरी
वारदात को उसके दूसरे साथ ने रिकॉर्ड किया.",,murder
रिद्वार से कावड़ ला रहे कावड़ियों के एक दल के सदस्य को गांव माहोली के पास तेज रफ्तार टेंपो ने टक्कर मारी दी। जिससे एक कावड़ लाने वाले दोजी राम पुत्र गंगाराम निवासी चौमा थाना (रामगढ़) गंभीर रूप से घायल हो गया। साथ मे कावड़ ला रही दोजी राम की पत्नी सरोज अपने पति की हालत को देखकर बेहोश हो गई। सरोज फिरोजपुर झिरका के सरकारी अस्पताल में इलाज के लिए ले जाया गया। वही दोजी राम को को भी इलाज के लिए स्थानीय अस्पताल भर्ती कराया गया। जहां डॉक्टर ने उसकी गम्भीर हालत को देखते हुए उसे रेफर कर दिया गया।,,accident
"मामला गुड़गांव का है, जहां छह साल की एक बच्ची के साथ तीन लोगों ने दुष्कर्म
किया।",,rape
"सातरोड रोड के नजदीक किराये के मकान में लीव इन रिलेशनशिप में रहने वाली
महिला के साथ सिवानी के दिनेश नाम व्यक्ति ने दुष्कर्म किया. महिला ने कहा कि
दिनेश उससे बैंक लोन की किश्त लेने के लिए आता था. उस दौरान उसकी जान पहचान
हुई. बाद में वह एक होटल में गया और दुष्कर्म किया. बाद में उसने शादी का झांसा
देकर उसका तलाक भी करवा दिया. अब वह उसके साथ किराये के मकान में रहता है,
लेकिन अंतिम बार वह 24 जनवरी को आया था और दुष्कर्म किया. महिला ने आरोप
लगाया कि वह उसको जान से मारने की धमकी भी दे रहा है.",,rape
"हरियाणा के भिवानी में एक नाबालिग लड़की से गैंग रेप का मामला सामने आया है।
वहीं यूपी के गोंडा में एक दलित के साथ गैंग रेप हुआ है।",,rape
"यमुनानगर में एक गोल्ड लोन कंपनी में करोड़ों रुपयों की लूट, 23 किलो सोना और
10 लाख नकद ले गए लुटेरे",,theft
पलवल में ट्रक की टक्कर में एक कावड़िया घायल । गत रात्रि रसूलपुर चौक पलवल पर कावड़िये घुवीर पुत्र मोरिया उम्र 65 वर्ष वासी करौली राजस्थान को ट्रक ने टक्कर मार दी। जिसे सामान्य अस्पताल पलवल में दाखिल करवाया गया है। जिसकी हालत खतरे से बाहर है। उपरोक्त कावडिये की कावड़ खण्डित होने के कारण प्रशासन द्वारा दूसरी कावड़ लाने के लिए गाडी का बन्दोबस्त किया गया है।,,accident
"हिसार में बेखौफ अपराधियों ने रिटायर्ड टीचर को दो गोली मारी, जिससे उसकी
मौके पर ही मौत हो गई",,murder
"करौली जिले के हिंडौन में युवती के साथ सामुहिक दुष्कर्म व हत्या 18 वर्षीय बेटी के
साथ गैंगरेप के बाद तेजाब से जला कर तथा गोली मारकर लाश को कुएं में डालने का
जघन्य अपराध व हृदय विदारक घटना हुई है.",,murder
"मोगी नन्द में अपराधियों ने एक टेंट दुकानदार को उसके ही घर में गोली मारकर
हत्या कर दी. मृतक की पहचान विजय महतो के 25 वर्षीय पुत्र अजीत कुमार के रूप में
की गई है.",,murder
"फतेहाबाद जिले के एक गांव में पिता ने नशे की हालत में दो बेटों का सिर
कलम किया.",,murder
"जींद जिले में पानीपत रोड पर तेज रफ्तार कार ने बाइक को टक्कर मार दी, जिसमें बाइक सवार 21 वर्षीय युवक की मौत हो गई।",,accident
"बीवी के जरिये पड़ोस की लड़की को बुलाया घर और उसके साथ दुष्कर्म
किया.आरोपी ने लड़की को इतना डरा कर रखा था कि उसने अपने साथ हो रहे दुराचार
की शिकायत अपने परिजनों से नहीं की.",,rape
"डकैती का एक मामला घर में 600 करोड़ रुपये का धन गड़ा है. लेकिन बदमाश वहां
से केवल एक मोबाइल ही लूट पाए. और तो और वारदात के तीन दिन बाद सभी पकड़े
भी गए.",,theft
रेवाड़ी में एक स्कूल के छात्र की मौत इस मासूम की मौत की वजह उसके स्कूल के चेयरमैन सह संचालक व अन्य शिक्षक बने हैं. दरअसल मासूम मृतक के स्कूल के चेयरमैन सह संचालक व अन्य शिक्षक ने उसको इतना पीटा की बच्ची की जान चली गई.,,murder
हरियाणा के गुरुग्राम में गुरुवार सुबह दर्दनाक हादसा हुआ। पिता के साथ स्कूल जा रही बच्ची की सड़क हादसे में मौत हो गई। स्कूटी से जाते वक्त तेज रफ्तार कार सवार ने टक्कर मार दी।,,accident
अकित आयु करीब 19 साल रवि आयु 19 साल वासी गांव कुराड (पानीपत) सुबहू करीब 5.00 बजे गांव कुराड़ से सुनौली की ओर जाने वाले रोड़ पर दौड़ लगा रहे थे। जिनको किसी अज्ञात वाहन ने टक्कर मार दी। दोनो को राहगीरो ने हस्पताल पहुंचाया। जहां पर दोनो को डाक्टर ने मृत घोषित कर दिया ।,,accident
"कैश वैन लेकर एक ड्राइवर भाग गया. इस वैन में रखे डेढ़ करोड़ रुपए भी गायब पाए
गए हैं",,theft
"बहादुरगढ़ में स्कार्पियो सवार लुटेरों ने एक्सिस बैंक की कैश वैन लूटने के लिए
अंधाधुंध फायरिंग की। इस गोलीबारी में तीन लोग गंभीर घायल हो गए। चालक ने थाने
में कैश वैन घुसाकर उसे लुटने से बचाया।",,theft
"हरियाणा में दलित लड़की के साथ रेप .पुलिस ने एक आरोपी को गिरफ्तार कर
लिया है, जिसने बताया कि गैंगरेप में 11 और व्यक्ति शामिल थे।",,rape
रिद्वार से कावड़ ला रहे कावड़ियों के एक दल के सदस्य को गांव माहोली के पास तेज रफ्तार टेंपो ने टक्कर मारी दी। जिससे एक कावड़ लाने वाले दोजी राम पुत्र गंगाराम निवासी चौमा थाना (रामगढ़) गंभीर रूप से घायल हो गया। साथ मे कावड़ ला रही दोजी राम की पत्नी सरोज अपने पति की हालत को देखकर बेहोश हो गई। सरोज फिरोजपुर झिरका के सरकारी अस्पताल में इलाज के लिए ले जाया गया। वही दोजी राम को को भी इलाज के लिए स्थानीय अस्पताल भर्ती कराया गया। जहां डॉक्टर ने उसकी गम्भीर हालत को देखते हुए उसे रेफर कर दिया गया।,,accident
"पलवल मे शुक्रवार रात एक्सप्रेस में लूटपाट करने वाले बदमाश यात्रियों ने सोने-
चांदी और नकदी के साथ ही एक यात्री की मां का अस्थि कलश भी लूटकर अपने साथ
ले गए।",,theft
विष्णु जो डीघल चौकी (झज्जर ) में होमगार्ड के पद पर तैनात था। ड्यूटी समाप्त करके मोटरसाईकल पर अपने घर जा रहा था। सुनारिया गांव के पास इसकी मोटरसाइकिल के आगे एक लावारिस पशु आने के कारण एक्सीडेंट हो गया। जिसको पीजीआई रोहतक ले जाया गया। जहां पर डाक्टर ने इसे मृत घोषित कर दिया।,,accident
झज्जर गुरुग्राम मार्ग पर ट्रक व स्कार्पियो की आपस में टक्कर होने से स्कार्पियों में सवार 3 तीनो युवको की मौत हो गई।,,accident
पंचकुला में अवैध संबंध का विरोध करना एक महिला को भारी पड़ गया. इस मामले में सनकी पति ने धारदार हथियार से अपनी पत्नी की हत्या कर दी.,,murder
"कुरुक्षेत्र में भीषण सड़क हादसा होने की खबर सामने आई है। बताया जा रहा है कि 2 कारों की हुई भीषण टक्कर के दौरान 1 महिला की मौत हो गई है, जबकि अन्य 5 लोग घायल हुए हैं।",,accident
"जींद के निवासी परमानंद यादव के पुत्र श्रवन कुमार यादव का हिन्दू रिति रिवाज के
साथ आठ वर्ष पूर्व भरगामा थाना क्षेत्र के मिरदौल निवासी के पुत्री से हुआ था लेकिन
शादी के बाद से ही पति हमेशा अपनी पत्नी की पिटाई करता था.घर के अंदर ही पति ने
धारदार हथियार से पत्नी का गला रेत दिया जिससे महिला की मौत हो गयीघटना के
बाद से आरोपी पति घर छोड़कर फरार हो गया है.",,murder
हरियाणा में गुरुग्राम के पास बादशाहपुर इलाके में दो बच्चियों के साथ बलात्कार करने के आरोप में 25 वर्षीय युवक को गिरफ्तार किया गया है.,,rape
"पुलिस और बदमाशों के बीच मुठभेड़ इसमें सतना में लूट और हत्या करने वाला
बदमाश आनंद यादव ढ़ेर हो गया.आनंद यादव बीते 6 मार्च को शराब कंपनी के मुनीम
की हत्या में शामिल था. उसके सिर पर हत्या और लूट जैसे कई संगीन मामले दर्ज थे.",,theft
"आरोप है कि मकान मालिक ने युवती को कोल्ड ड्रिंक में कोई नशीला पदार्थ
मिलाकर उसे पिला दी, जिससे वह बेहोश हो गई. इसी हालत में उसने युवती से रेप
किया.",,rape
"समस्तीपुर में एक लड़की को कोचिंग से वापस लौटते समय सिर्फ इसलिए गोली मार
दी गई क्योंकि उसने उस हत्यारे से बात करने से मना कर दिया.इस बात से गुस्साए उस
शख्स ने उस युवती को गोली मार दी जिसमें उसकी मौत हो गई.",,murder
गत रात्रि गांव राहड़ा (करनाल) के पास कावड़ियों से भरी एक पिकअप को ट्रक ने टक्कर मारी। एक कावड़िये की मौत तथा 14 / 15 घायल ,,accident
"हरियाणा में गुरुग्राम के सेक्टर 10ए इलाके में एक घरेलू सहायिका ने एक महिला
और उसकी 2 बेटियों को बेहोश कर बंधक बनाकर अपने 4 साथियों की मदद से उनके
घर में लूटपाट की।",,theft
रेवाड़ी में दिल्ली-जयपुर हाइवे पर असाही पुल पर बड़ा दर्दनाक हादसा हो गया जहां ट्रक चालक द्वारा अचानक ब्रेक लगाने से पीछे चल रहा ट्रॉला उसमें जा घुसा : और चालक शीशे से बाहर निकलकर टायर के नीचे आ गया। चालक की मौके पर ही मौत हो गई। पुलिस ने मामला दर्ज कर जांच शुरू कर दी है।,,accident
"भिवानी में मोहम्मद जैद ने कथित रूप से दो भाइयों से कहासुनी के बाद राहुल को
चाकू मार दिया और इस झड़प में सोनू भी घायल हो गया.",,murder
"सोनीपत के एक गांव में नाबालिग लड़की के साथ चार दरिंदों ने घर में घुसकर ही
गैंगरेप की वारदात को अंजाम दे डाला.",,rape
"महिला ने बताया, ''उसकी शादी 30 जुलाई 2018 को पुंडरी निवासी सन्नी से हुई थी लेकिन शादी के कुछ समय बाद ही ससुराल वाले दहेज की मांग करने लगे. मांग पूरी नहीं होने पर अक्सर उसके साथ मारपीट की जाती थी. आखिरकार ससुराल वालों ने मारपीट कर उसे घर से निकाल दिया और वापस लौटने पर बुरा अंजाम भुगतने की धमकी दी.'' पत्नी ने पति पर लगाया दुष्कर्म का आरोप.",,rape
अंकित वासी गुभाना ( झज्जर ) की बागपत (यूपी) में सड़क दुर्घटना में मौत । कांवड़ लेकर घर आते समय अंकित की रास्ते में तबीयत खराब होने पर इसने गांव से अपने दो दोस्तों को बुला लिया और एक दोस्त को कावड़ देकर यह खुद दूसरे दोस्त के साथ मोटरसाईकिल पर बैठकर घर जा रहा था । गौरीपुल उत्तर प्रदेश के पास इनकी मोटरसाईकिल का एक टैम्पू के साथ एक्सीडेंट हो गया। जिसमें अमन की मौत हो गई।,,accident
सोनपुर में आधी रात को पिस्तौल के दम पर लूटपाट,,theft
"पानीपत जिले के गांव पूठर में फोन की दुकान में चोरों ने चोरी की वारदात को
अंजाम दिया।",,theft
"हिसार में कुछ दिन पहले बैंक में पैसा जमा कराने जा रहे एक सर्राफा व्यापारी से 1
करोड़ 5 लाख रुपये की नकदी की लूट के मामले में पुलिस ने 7 लुटेरों को गिरफ्तार
कर लिया है।",,theft
"जांच में पता चला कि पंकज और जतिन नाम के दो दोस्त एक बर्थडे पार्टी से देर
रात 2 बजे लौट रहे थे, तभी एक गली में कुछ लड़कों ने उन्हें रोका और सब कुछ
देने को कहा, पीड़ितों ने जब कहा पैसे क्यो दें तो लड़को ने इन दोनों को बुरी तरह
पीटा।",,theft
हरियाणा के रेवाड़ी में 10 साल की मासूम के साथ 7 आरोपियों ने गैंगरेपकिया और उसका वीडियो बनाकर वायरल कर दिया. आरोपियों में से 6 नाबालिग हैं और एक बालिग 7 आरोपियों में से पांच आरोपी पीड़ित बच्ची के रिश्तेदार हैं. करीब एक सप्ताह पहले आरोपियों ने बंद पड़ी स्कूल की बिल्डिंग में 10 साल की मासूम बच्ची के साथ गैंगरेप किया. वीडियो वायरल होने के बाद घटना का खुलासा हुआ.,,rape
"विवाहित महिला को शादी का झांसा देकर बंधक बनाने और कथित रूप से दुष्कर्म
करने पर महिला थाना पुलिस ने एक व्यक्ति के खिलाफ मामला दर्ज किया है।",,rape
रोहतक - दिल्ली रोड पर सांपला बाईपास पर दो ट्रकों की आमने सामने टककर हो गई। जिसमें 2 व्यक्तियों की मौका पर ही मौत हो गई तथा 2 व्यक्ति घायल हो गए। घायलों को पीजीआई रोहतक में दाखिल करवाया गया।,,accident
"नकदी, जेवर, सामान, वाहन चोरी की बातें तो सभी ने सुनी होंगी, लेकिन महम क्षेत्र
में करीब पांच दिन पहले तीन सड़कें ही चोरी हो गईं। इस अजीबो-गरीब चोरी को लेकर
हरियाणा कृषि विपणन बोर्ड के कार्यकारी अभियंता ने पुलिस को शिकायत दी है।
उन्होंने पुलिस से चोर को जल्द पकड़ने की अपील की है।",,theft
इंद्री के गांव शेरगढ़ के पास युवक ट्रैक्टर ट्राली की चपेट में आ गया जिसकी मौके पर ही मौत हो गई। घटना की सूचना मिलते ही पुलिस मौके पर पहुंची और शव को कब्जे में लेकर कार्रवाई शुरू कर दी है।,,accident
"हरियाणा में सोनीपत जिले के एक गांव में एक व्यक्ति ने कथित तौर पर गोली मार
कर दो लोगों की हत्या कर दी. यह विवाद खेतों में पानी वितरण को लेकर शुरू हुआ था
जिसमें पिता-पुत्र की हत्या हो गई.",,murder
 शुक्रवार को महिला ने पुलिस ऑफिसर रैंक के एक अधिकारी पर रेप का आरोप लगाया.,,rape
"हरियाणा के पलवल में डिलीवरी के दौरान एक अधिक खून बहने से गर्भवती महिला की मौत हो गई। परिजनों का आरोप है कि डॉक्टरों की लापरवाही ये यह हुआ है। डॉक्टरों ने कई बार महिला के पेट को खोला बंद किया, इससे रक्त बह गया और जान चली गई।",,accident
"रेवाड़ी: दो दिन पहले सेक्टर-4 स्थित एक कंपनी के CEO के घर से दिनदहाड़े 6.70
लाख रुपये लूट का पुलिस ने खुलासा किया है। जांच में सामने आया कि घर में लूट
नहीं बल्कि कंपनी के सीईओ की बेटी ने अपने बॉयफ्रेंड को यह रुपये दिए थे और फिर
यह सारा ड्रामा रचा। साजिश में खुद सीईओ की बेटी शामिल थी और कथित
नकाबपोश बदमाश कोई और नहीं उसका बॉयफ्रेंड था।",,theft
पलवल स्थित एक रेस्टोरेंट में एक युवक ने खुद को गोली मारकर आत्महत्या कर लिया.,,murder
"गुरुग्राम के सेक्टर-109 एरिया की सोसायटी में। इन महिलाओं ने मकान से लाखों
रुपये का सामान व कैश चोरी कर लिया गया। हैरानी की बात है कि 50 मिनट के अंदर
ये दोनों महिलाएं घर से स्मारक सिक्के, पुराने भारतीय और विदेशी सिक्के, चांदी का
सजावट का सामान, विदेशी मुद्रा के संग्रह, महंगे पैन का संग्रह व 7 लाख रुपये कैश
चोरी कर ले गईं।",,theft
हरियाणा में जींद शहर थाना के अंतर्गत आने वाले इलाके से एक किशोरी को घर से अपहरण कर उसके साथ कथित दुष्कर्म करने का मामला सामने आया है.,,rape
"कुरुक्षेत्र में एक ट्रक की ट्रैक्टर ट्राली से भीषण टक्कर हो गई, जिसमें चार लोगों की मौके पर ही मौत हो गई. जबकि कम से कम आठ लोग घायल हो गए. शनिवार की रात गांव हबाना में धार्मिक कार्यक्रम में शामिल होने जा रहे ट्रैक्टर ट्रॉली में 25 लोग सवार थे, तभी पीछे से आ रहे ट्रक ने ट्रैक्टर ट्राली को टक्कर मार दी.",,accident
"गुड़गांव में रेप का एक मामला आया है. सरकारी बैंक के एक नेत्रहीन ट्रेनी अधिकारी
को ऐसी महिला के साथ रेप का दोषी है जो खुद भी देख नहीं पाती है.",,rape
"हरियाणा की फरीदाबाद जिला पुलिस ने एक महिला और सात माह की बच्ची के
साथ कथित बलात्कार के सिलसिले में दो लोगों के खिलाफ मामला दर्ज कर जांच शुरू
कर दी है।",,rape
"अविनाश पवार ने डकैती के दौरान एक दंपति की हत्या कर दी थी, वह 30 साल तक
नाम और पता बदलकर पुलिस से बचता रहा",,theft
अम्बाला में शुक्रवार से लापता डेढ़ वर्षीय बालक का शव शनिवार को घर से करीब 100 मीटर की दूरी पर झाड़ी में मिला. मामला मीरपुर वार्ड संख्या 17 का है.,,murder
हरियाणा के करनाल शहर में एक बैंक डाकैती की घटना घटी। चोरों ने बैंक में घुसकर नकदी को लूट लिया है।,,theft
एन.एच. 152डी पर गांव बचीनी (महेन्द्रगढ़) फ्लाईओवर के पास एक स्विफ्ट कार को किसी अज्ञात वाहन ने टक्कर मार दी। कार में 6 व्यक्ति सवार थे। जिनको नागरिक अस्पताल महेन्द्रगढ़ ले जाया गया। जहां पर डाक्टरों ने 4 लोगों को मृत घोषित कर दिया और दो को प्राथमिक उपचार के बाद रेवाड़ी के लिए रैफर कर दिया ।,,accident
" लड़की पिछले कुछ दिनों से सामान्य व्यवहार नहीं कर रही थी, जब पड़ोसियों ने उससे पूछताछ की तो उसने यौन उत्पीड़न के बारे में बताया. इसके बाद पड़ोसियों ने पुलिस को सूचना दी. अधिकारी ने बताया, 'लड़की अपने पिता के साथ पटौदी क्षेत्र में रहती थी. उसकी मां की मौत के बाद उसका पिता पिछले कुछ महीनों से उसका यौन उत्पीड़न कर रहा था. '",,rape
"छात्रा ने आरोप लगाया कि दुष्कर्म कर उक्त युवक ने अश्लील वीडियो और फोटो
भी बनाए. इन फोटो के नाम पर अब वह युवक उसे ब्लैकमेल कर रहा है.",,rape
"हरियाणा के सोनीपत के सोहाना में भोंडसी थाने के अंतर्गत गांव में एक नाबालिग के
साथ दो युवकों ने जबरन गैंगरेप किया. जब नाबालिग ने विरोध किया तो आरोपियों ने
उसे डंडों से बुरी तरह घायल कर दिया. नाबालिग घायल अवस्था में अपने घर पहुंची
परिजनों ने उसे गुड़गांव के एक निजी अस्पताल में दाखिल कराया. इस मामले में
परिजनों के बयान भौंडसी पुलिस ने आरोपी विनोद और जसवीर के खिलाफ मामला
दर्ज कर दिया, लेकिन अभी तक आरोपियों की गिरफ्तारी नहीं हो पाई है.",,rape
"पानीपत में एक ऐसे गिरोह का पर्दाफाश हुआ है जो दो रुपये के सिक्के की मदद से
ट्रेनों में लूटपाट करता था। 100 किमी की रफ्तार से दौड़ रही ट्रेन को अचानक ये गिरोह
रोक देता था। दो रुपये से लूट का ये खेल महज तीन से चार मिनट तक चलता था।",,theft
काली पलटन पुल अम्बाला छावनी के पास अमृतसर-दिल्ली रोड़ पर एक शव - वाहन असंतुलित होकर सड़क के किनारे खडे कैन्टर से टकराया। शव बाइन पर सवार 15/16 लोगों को हल्की चोटें आई। इस कारण नैशनल हाईवे पर करीब 20 / 25 मिनट तक जाम लगा रहा।,,accident
"एक पट्रोल संचालक से लूट का मामला आया है। पुलिस के अनुसार, गुरुवार को
कुछ लोगों ने पेट्रोल पंप संचालक से जबरन हथिायार के बल पर 11 लाख से ज्यादा
रुपये लूट लिए।",,theft
हरियाणा के फरीदाबाद में 4 साल की बच्ची के साथ दुष्कर्म मामले में आरोपी को गिरफ्तार कर लिया गया है. घटना को अंजाम देने के बाद फरार हुए आरोपी रिकेश को क्राइम ब्रांच एनआईटी प्रभारी नरेंद्र और उसकी टीम ने बदरपुर बॉर्डर से गिरफ्तार किया है.,,rape
"पलवल में दो दिन पहले एक महिला के साथ बलात्कार की घटना सामने आई है।
मामला मठे पुर गांव का है जहां खेत में घास लेने के लिए गई एक महिला के साथ गांव
के ही एक युवक ने बलात्कार किया।",,rape
"रेलवे स्टेशन के पास एक युवक कृष्णा कुमार को चाकू मार दी गई थी. इलाज के
दौरान उसकी मौत हो गई थी.युवक की हत्या बदमाशों ने लूटपाट के दौरान कर दी थी.",,murder
"गुरुग्राम में दिनदहाड़े बदमाशों ने हथियारों के बल पर घर के बाहर धूप में बैठी हुई
महिला के साथ लूट की घटना सीसीटीवी में कैद हो गई।",,theft
"जिले की महिला ने आरोप लगाया है कि दो लोगों ने अपहरण कर उसके साथ खेत में
दरिंदगी की.",,rape
देश के 22वें एम्स रेवाड़ी माजरा में जमीन का कब्जा केंद्रीय स्वास्थ्य मंत्रालय को सौंपने के साथ ही एम्स के शिलान्यास का रास्ता प्रशस्त हो गया है। केंद्रीय मंत्री राव इंद्रजीत सिंह ने जानकारी देते हुए बताया कि एम्स की चारदीवारी के लिए भी टेंडर हो गए हैं। जल्द ही एम्स की चारदीवारी का कार्य शुरू किया जाएगा। राव ने कहा कि एम्स परियोजना न केवल स्वास्थ्य क्षेत्र में लोगों को लाभ देगी बल्कि रोजगार के नए अवसर भी क्षेत्र में खोलेंगी।,,accident
"महिला ने स्वीकार किया कि बच्ची घर पर अकेली थी. आरोपी महिला ने एक पड़ोसी
ने बताया कि यह पहली बार नहीं था जब कविता ने अपने बच्चे को घर में अकेला छोड़ा
था. महिला जब छुट्टियों पर गई थी तो बच्ची को लगभग 10 दिनों तक घर में अकेला
छोड़ दिया था.बच्ची16 जून को घर पर बेहोश पाई गई थी. बयान में आगे कहा गया कि
बच्ची पर आघात का कोई निशान नहीं था लेकिन उसे घटनास्थल पर ही मृत घोषित कर
दिया गया.मामला पानीपर शहर का है",,murder
"करनाल में एक पति ने अपने अवैध संबंध का विरोध कर रही पत्नी और बच्चे को
जिंदा जला दिया और घटना को अंजाम देने वाले पति और उसके परिवार के लोग फरार
हो गए.",,murder
"मवार को डकैती के मामलों में वांछित दो लोगों को गिरफ्तार किया गया है, जिसने
कथित तौर पर अपनी गुंडागर्दी का वीडियो शूट किया था और उसे सोशल मीडिया में
अपलोड किया था.",,theft
"हरियाणा के झज्जर में लापता हुई विवाहिता. विवाहिता की गला घोंटकर हत्या कर
दी गई और उसे पिता के साथ मिलकर तोशाम की पहाड़ियों में जला दिया गया। हत्या
का आरोपी कोई और नहीं उसका पति ही निकला।",,murder
कुरुक्षेत्र जिले के लाडवा में पिपली रोड पर गांव निवारसी के पास ट्रक और ऑल्टो कार की टक्कर हो गई। हादसे में ऑल्टो कार सवार मामा-भांजे की मौत हो गई है। मृतकों की शिनाख्त 27 वर्षीय विकास निवासी झिवरहेड़ी और शगुन निवासी काठगढ़ के रूप में हुई।,,accident
यमुनानगर के जगाधरी की जड़ौदा गेट स्थित अखिल मेटल फैक्ट्री में काम करते समय लिफ्ट टूटने से एक मजदूर की दर्दनाक मौत हो गई. मृतक रामपुर घाट गोपीगंज संत रविदास नगर का रहने वाला है. पिछले 7 वर्षों से अच्छेलाल जगाधरी की गौशाला कॉलोनी में रहता था.,,accident
"भरत कॉलोनी निवासी कृष्ण ने दी शिकायत में बताया कि उसने 12 जुलाई को मोबाइल कंपनी का फाइबर कनेक्शन लेने के लिए गूगल पर नंबर सर्च किया, जो नंबर आया उस पर बात की तो इसके बाद लिंक भेजकर उससे एनी हेल्प डेक्स डाउनलोड करवा दी। इसके बाद 2 लाख 83 हजार रुपये खाते से निकाल लिए।",,theft
"हरियाणा के यमुनानगर के जगाधरी के खेड़ा बाजार मंदिर के समीप शुक्रवार शाम
को एक महिला का बैग काट कर सोने के कड़े चुरा लिए गए। पुलिस सीसीटीवी में नजर
आई संदिग्ध महिलाओं की तलाश में जुटी है। महिला ने जनरल स्टोर से कुछ सामान
खरीदा था, उसकी दौरान उसे शिकार बनाया गया।",,theft
"गोहाना-दिल्ली मार्ग पर एक नाबालिग लड़के ने ट्यूशन के लिए जा रही 15-वर्षीय
एक लड़की को अगवा कर कार के अंदर कथित रूप से उसके साथ बलात्कार किया।",,rape
"हिरयाणा के पानीपत जिले में गिरोह के 3 आरोपियों से बाइक चोरी
करने की वारदातें खुली ह।",,theft
"सोनीपत जिले में स्थित भगत फूलसिंह महिला विश्वविद्यालय, खानपुर के विधि (लॉ)
विभाग के प्रथम वर्ष की छात्रा के साथ होस्टल के मेस में काम करने वाले एक युवक
और उसके तीन साथियों द्वारा सामूहिक बलात्कार किए जाने का मामला सामने आया
है.छात्रा 16 मई को देर शाम विश्वविद्यालय के बाहर पुस्तकालय से होस्टल वापस आ
रही थी, तभी अमित सफेद रंग की एक स्कॉर्पियो गाड़ी में आया और जबरदस्ती छात्रा
को कार में घसीट लिया। इसके बाद अमित और उसके साथियों ने छात्रा को खेतों में ले
जाकर उसके साथ गैंगरेप किया। छात्राओं का आरोप है कि सूचना दिए जाने के बाद
होस्टल वार्डन ने कहा कि ऐसे छोटे-मोटे मामले होते रहते हैं, इसलिए पुलिस में जाने का
कोई फायदा नहीं है।",,rape
"कारोबार के सिलसिले में पंजाब के जालंधर आए पंचकुला के व्यापारी से लाखों
की लूट कार से 2.70 लाख रुपये चोरी हो गए।",,theft
"आरोप है कि एक लड़की को उसकी सहेली और सहेली की मां ने बेहोश कर छह
लोगों के हवाले कर दिया। इन लोगों ने लड़की के साथ पूरी रात सामूहिक बलात्कार
किया और बाद में उसे छोड़कर फरार हो गए।",,rape
"जींद के पास खून से लथपथ हालत में एक युवक का शव मिला.मृतक की
शिनाख्तकृष्ण कुमार सैनी (35) के रूप में हुई.",,murder
"48 साल की एक महिला को बेरहमी से मार डाला गया.महिला का शव क्षत-विक्षत
हालत में मिला. उसकी आंखें बाहर निकल गई थीं और जीभ काट दिया गया था. उसके
प्राइवेट पार्ट पर भी हमले किए गए थे.",,murder
गुरुग्राम म ज्वलेरी शॉप में चोरी कर 50 लाख की ज्वेलरी लूटी,,theft
जींद में विवाहिता की हत्या कर ससुराल वालों ने शव को गायब कर दिया.,,murder
"हरियाणा सीमा पर स्थित गोठया बड़ी गांव में एक नेपाली युवक ने पत्नी की लाठी-
डंडों से पीट-पीटकर हत्या कर दी. मृतक महिला मिजोरम की रहने वाली है तथा गत
ढाई वर्ष से नेपाली युवक के साथ रिलेशनशिप में पत्नी बन कर रह रही थी.",,murder
हरियाणा के एक गांव में रहने वाली नेपाली महिला के साथ उसके पति के सामने पांच लोगों द्वारा कथित तौर पर सामूहिक बलात्कार.,,rape
पंचकुला में एक कलयुगी बेटे ने अपनी मां की निर्मम हत्या कर दी. आरोपी बेटा पेशे इंजीनियर था लेकिन कुछ दिनों पहले ही उसकी नौकरी छूट गई थी. मां की हत्या के बाद आरोपी ने अपने भतीजे को भी छत से फेंक दिया. जिसके बाद इस घटना में भतीजे की भी मौत हो गई.,,murder
"रियाणा के गोहाना में सुरंग के जरिये बैंक लूट मामले में एक आरोपी ने
खुदकुशी कर जान दे दी है। इसके अलावा इस महाचोरी के तीन और आरोपी
पुलिस के हत्थे चढ़ चुके हैं। इनके पास से तकरीबन 40 किलो से ज्यादा के
गहने बरामद किए जा चुके हैं।",,theft
पलवल में सड़क दुर्घटना में मोटरसाईकिल सवार दो लोगो की मौत। गत देर रात्रि प्रदीप उम्र 25 वर्श अपनी पत्नी मनोज कुमारी उम्र 23 वर्श वासी गांव रजापुर जिला हाथरस उत्तरप्रदेश के साथ मोटरसाईकिल से फरीदाबाद से अपने गांव जा रहा था। जब वह गांव सिहौल पलवल के पास पलवल-अलीगढ़ मार्ग पर पहुंचे तो एक कैन्टर ने मोटरसाईकिल को टक्कर मार दी। जिससे मोटरसाईकिल सवार दोनों की मौका पर ही मौत हो गई। ,,accident
जींद में हुए महिला के ब्लाइंड मर्डर की वारदात का खुलासा करते हुए चार आरोपियो को गिरफ्तार कर एक बाल अपचारी को सरंक्षण में लिया है.,,murder
"आपसी विवाद में एक 58 वर्षीय आदमी की बड़ी ही निर्ममता से हत्या कर दी गई.
58 साल के एक आदमी को कुल्हाड़ी से प्रहार करते हुए जख्मी कर दिया. 58 साल के
इस आदमी को गंभीर हालत में परिजनों के द्वारा अस्पताल लाया गया. जख्मी सदानंद
मंडल (58) वर्ष के थे जिनके ऊपर यह जानलेवा हमला किया गया.",,murder
"जींद में बेटे ने मां की बातों से तंग आकर हत्या कर दी. घटना 29 जून की बताई जा रही है.मां की बात सुनकर बेटा इतना आजीज हो गया कि गुस्से में आकर बेटे ने मां का गला ही दबाकर मार दिया. इस मां ने अपने बेटे की शादी में बहु को मुंह दिखाई में एक तोला सोना दिया था, जबकि बेटी की शादी में कुछ नहीं दे पाई, इस बात की चिंता मां को सताए जा रही थी. मां इस बात को लेकर बेटे को आए दिन ताने दिया करती कि तूने अपनी बहन को दहेज में कुछ भी नहीं दिया. इस बात से बेटा इतना आजीज हो गया गुस्से में आकर बेटे ने मां का गला ही दबाकर मार दिया.",,murder
"हरियाणा के सोनीपत की 14 साल की एक दलित लड़की को कथित रूप से अगवा
कर लिया गया और उससे तीन लोगों ने बलात्कार किया।",,rape
"करोड़ों रुपये की डकैती की घटना के कथित सरगना एक दंपति को उस समय
गिरफ्तार कर लिया गया, जब वे उत्तराखंड के एक तीर्थ स्थल पर अपने मिशन की
सफलता के लिए मत्था टेकने गए थे.",,theft
"निजामुद्दीन इलाके में एक युवक की डेड बॉडी बेड के अंदर मिली है. युवक का नाम कमल था, जो घरेलू सहायक के रूप में काम करता था.",,murder
"हरियाणा के महेंद्रगढ़ में नेशनल हाइवे (152 डी) पर गांव बचीनी के पास कार ने पीछे से ट्रक को टक्कर मार दी। हादसे में एक ढाई साल की बच्ची, एक महिला और व्यक्ति समेत चार लोगों की मौके पर मौत हो गई। इसके अलावा एक 10 साल का लड़का और महिला गंभीर रूप से घायल है।",,accident
"रेवाड़ी जिले में एक नाबालिग से बलात्कार के आरोप में 19 वर्षीय युवक को
मंगलवार गिरफ्तार किया गया.",,rape
"जींद में प्रेम प्रसंग से आक्रोशित लड़की के परिजनों ने नाबालिग लड़की की हत्या कर
शव को जला दिया.",,murder
"पंचकुला में एक इंजीनियर की पीट-पीटकर हत्या कर दी गई. इसके बाद उस
इंजीनियर की पहचान छुपाने के लिए दरिंदे अपराधियों ने उसका चेहरा भी पत्थर से
कुचल दिया.",,murder
"सहयोगी से बंदूक की नोक पर 50 लाख रुपये लूट लिए गए थे. पुलिस की जांच में
खुलासा हुआ है कि इस वारदात को तीन गैंग के बदमाशों ने अंजाम दिया था. इस
वारदात में 3 आरोपियों की तलाश जारी है.",,theft
"प्रेमलता सालवी का कत्ल महिला के ही प्रेमी दौलतसिंह राजपूत ने किया था.दोनों के
बीच अवैध प्रेम संबंध थे.आरोपित के नशा करने और छोटी-छोटी बातों को लेकर होने
वाला झगड़ा इस हत्या की वजह रहा.न्हीं बातों को लेकर उसने प्रेम की हत्या की योजना
बनाई और उसे शहर से बाइक पर बैठाकर पहाड़ी पर ले गया, जहां गला दबाकर उसकी
की हत्या कर दी और शव की पहचान न हो, इसके लिए पत्थर से बूरी तरह उसका सिर
और चेहरा कुचल दिया.",,murder
"महिला को अकेली जानकर उसके पड़ोस में रहने वाला राजपाल देर रात को उसके
घर घुसा और उसका मुह बंद कर जबरन ले गया और बलात्कार किया।",,rape
"हरियाणा के पलवल में एक कंपनी के एक कर्मचारियों को हाथ-पैर बांधकर लूटपाट
की घटना सामने आई है। हथियार की दम पर बदमाशों ने कर्मचारियों को बंधक बनाकर
उन्हें कमरे में बंद किया और फिर उनकी जेब खाली कर गए।",,theft
"करनाल के इंजीनियरिंग कॉलेज में पढ़ने वाली दलित छात्रा ने आरोप लगाया है कि
उसके ही साथ पढ़ने वाले एक छात्र ने उसके साथ पहले तो बलात्कार किया और फिर
एमएमएस बनाया।",,rape
"गुरुग्राम म मंगलवार सुबह मेडिकल शॉप में तीन बदमाश घुसे और लूटपाट को
अंजाम दिया।इस दौरान चेहरा छिपाने के लिए एक बदमाश ने हेलमेट पहना था और दो
ने नकाब से चेहरे ढके थे।",,theft
"यमुनानगर के पास एक दुकान से सुरंग खोदकर बैंक में चोरी की सनसनीखेज
वारदात सामने आई है। शातिरों ने दुकान से बैंक तक सौ फीट की लंबी सुरंग खोदी और
सुरंग के रास्ते ही बैंक में दाखिल होकर तीस लॉकर साफ कर दिए। चोरों ने पूरी
प्लानिंग के साथ इस वारदात को अंजाम दिया।",,theft
"फतेहाबाद का है जहां एक नाबालिग लड़की के यौन शोषण का मामला सामने
आया है।",,rape
"पुलिस ने 58 वर्षीय एक व्यक्ति को मोटरसाइकिल पर तेज रफ्तार में पैदल जा रही
महिला की चेन छीनने के आरोप में गिरफ्तार किया है। पूछताछ के दौरान, उसने अपने
जेल में बंद बेटे के लिए जमानत राशि जुटाने के लिए अपराध करने की बात कबूल की।",,theft
"पंचकुला में आधी रात को सो रहे बुजुर्ग दंपती को लूटने के लिए घुसे बदमाशों ने 65
साल के बुजुर्ग की पत्थर मार कर हत्या कर दी. मृतक की पत्नी के चिल्लाने के
बाद बदमाश मौके से भाग गए.",,murder
"हरियाणा के जींद में एक दलित नाबालिग के साथ आरोपियों ने ऐसी हैवानियत
दिखाई जिसके बाद लोग इस मामले की तुलना दिल्ली के निर्भया कांड से करने लगे.
पुलिस के अनुसार आरोपियों ने 15 साल की लड़की को पहले अगवा किया और बाद में
उसके साथ रेप करने के बाद उसकी हत्या कर दी गई.",,rape
गुरुग्राम में सड़क दुर्घटना में 6 वर्षीय लड़की की मौत । पिता को गंभीर चोट आई। आज गुरमीत सिंह वासी सैक्टर 22 गुरुग्राम अपने बच्चों को रोटरी पब्लिक स्कूल में छोड़ने के लिए स्कूटी पर जा रहा था। जिसकी सैक्टर 22 मार्किट के सामने एक सेलेरियो गाड़ी से टक्कर मार दी। जिसमें 6 वर्षीय लड़की की मौका पर ही मौत हो गई तथा पिता गुरमीत सिंह को गंभीर चोट आई हैं। जिनको ईलाज के लिए अस्मताल ले जाया गया है।,,accident
"एक बार फिर बाइक सवार दो बदमाश मोबाइल पर बात करते हुए जा रही युवती से
मोबाइल छीनकर भाग गए। इस घटना में युवती गंभीर रूप से घायल हो गई है। क्राइम
ब्रांच ने कार्रवाई करते हुए दोनों आरोपियों को गिरफ्तार कर लिया है।",,theft
फरीदाबाद में बदमाशों ने दो लोगों को गोली मारकर कैशवैन लूट ली है।,,theft
फाजिल्का उपमंडल के गांव चुवाड़ियांवाली के निकट एक अज्ञात वाहन ने स्कूटी सवार को टक्कर मार दी। इस दौरान स्कूटी पर सवार फाजिल्का निवासी व्यक्ति की मौत हो गई जबकि उसकी भांजी गंभीर घायल हो गई।,,accident
रोहतक जिले में मोटरसाइकिल पर सवार होकर ससुराल जा रहे दो बच्चों के पिता को ट्रैक्टर ने टक्कर मार दी। उसके बाद उसे उपचार के लिए रोहतक पीजीआई में लाया गया। जहां रास्ते में उसने दम तोड़ दिया। वहीं मामले की शिकायत पुलिस को दी।,,accident
"हरियाणा के जींद जिले के धदौला में एक दलित महिला के साथ बंदूक की नोक पर
गैंगरेप करने और एमएमएस बनाने का मामला सामने आया है, जिसके लिए तीन में से
दो आरोपियों को गिरफ्तार कर लिया गया है।",,rape
" सुबह एक कार्यालय में लूटपाट के दौरान अज्ञात चोरों ने गुडगांव, हरियाणा के एक ऑफिस से अदालती धारा के तहत लाखों की मूल्यवान सामग्री चुराई । लूटपाट की घटना ऑफिस के आधिकारिक छुट्टी के दिन घटी, जब ऑफिस में केवल कुछ कर्मचारी मौजूद थे। चोरों ने ऑफिस के प्रमुख द्वार का तोड़कर और सुरक्षा सिस्टम को निष्क्रिय करके अनदेखा चुराहट की। चोरों ने ऑफिस के अंदर दाखिल होते ही स्थानीय चर्चा के दौरान सुरक्षा कर्मियों को बंधक बना लिया। वे अपने चेहरों को मास्क द्वारा छिपाए हुए और हथियारों की मदद से कार्रवाई शुरू की। चोरों ने कार्यालय में मौजूद महंगी तकनीकी सामग्री, कंप्यूटर, लैपटॉप, वित्तीय दस्तावेज़ और अन्य महत्वपूर्ण सामग्री को अपने कब्जे में लिया। इसके अलावा, चोरों ने ऑफिस में मौजूद नकदी भी चुरा ली।",,theft
"यमुनानगर जिले में प्लाईवुड कारोबारी को उन्हीं के नौकर द्वारा घर में बंधक बनाकर
अपने साथियों के साथ लाखों की लूट करने का मामला",,theft
पंचकुला में जहां शादी की पूर्व संध्या पर दुल्हन के पड़ोसी ने उसके पिता की कथित तौर पर हत्या कर दीपड़ोसी जिसनु ने 27 जून को 61 वर्षीय राजू की कथित तौर पर हत्या कर दी. पीड़ित के रिश्ते के भाई ने संवाददाताओं को बताया कि शादी की पूर्व संध्या पर रस्में खत्म होने के बाद आरोपी ने अपने भाई जिजिन और दो दोस्तों श्याम और मनु के साथ दुल्हन के परिवार पर हमला कर दिया. शादी शिवगीरी में सुबह 11 बजकर 10 मिनट पर होनी थी. आरोपी का परिवार दो वर्ष पूर्व पीड़ित की बेटी के लिए विवाह का प्रस्ताव लेकर आया था जिसे पीड़ित ने नकार दिया था. आरोपी का परिवार दो वर्ष पूर्व पीड़ित की बेटी के लिए विवाह का प्रस्ताव लेकर आया था जिसे पीड़ित ने नकार दिया था.,,murder
"दसूहा थाने में तैनात ए.एस.आई. जसवीर सिंह की आज सड़क हादसे में मौत हो गई। आज सुबह जब वह ड्यूटी से दसूहा थाने की ओर लौट रहा था तो किसी अज्ञात वाहन ने उसे टक्कर मार दी, जिससे उसकी मौत हो गई।",,accident
गांव भैणी खुर्द (करनाल) में गांव वालों ने पानी की छबील लगा रखी थी। अचानक एक ट्रैक्टर ने एक बच्चे उम्र 9 साल को टक्कर मार दी। जिसमें आख उम्र 9 साल ट्रैक्टर के नीचे आ गया व ओमप्रकाश वासी भैणी खुर्द की टांग टूट गई। जिनको पार्क अस्पताल करनाल में एडमिट कराया गया। जहां पर डाक्टरों द्वारा आख को मृत घोषित कर दिया गया व घायल ओमप्रकाश का डाक्टरों द्वारा उपचार किया जा रहा है।,,accident
घटना सोमवार को हुई जब छह वर्षीय लड़की अपने घर के पास एक पार्क में अपने दो साल छोटे भाई के साथ खेल रही थी. आरोपी ने उसका पार्क से अपहरण कर लिया और रेप के बाद में उसकी हत्या कर दी.,,rape
"पीड़िता कल दोपहर बाजार से सब्जी खरीद कर अपने घर लौटी। वह जैसे ही अपने
घर के अंदर घुसीं हथियारबंद दो बदमाश उनके पीछे-पीछे घर में घुस गए। बदमाशों ने
लूट का विरोध करने पर उनकी कनपटी पर पिस्तौल लगा दी। बदमाश महिला के गले
से सोने की चेन तोड़कर भाग गए।",,theft
हरियाणा में पंचकुला में पांच साल की बच्ची से बलात्कार कर उसकी हत्या कर दी,,murder
अंतर्गत आने वाले एक गांव में युवती को बंधक बनाकर गैंगरेप किया.,,rape
"सोमवार को मोटरसाइकिल पर सवार होकर आए दो बदमाशों ने देशी कट्टा दिखाकर एक निजी कंपनी के कर्मचारियों से 1.20 करोड़ रुपये लूट लिए और फरार हो गए. हालांकि, पुलिस ने त्वरित कार्रवाई करते हुए लूट के पांच घंटे के भीतर ही एक आरोपी को गिरफ्तार करके उसके पास से लूटे गये 1.20 करोड़ रुपये भी बरामद कर लिए हैं.",,theft
"मृतक इरफान गत दिनों आरोपियों के परिवार की एक महिला को भगा ले गया था,
उसी के चलते दोनों परिवारों में पुरानी रंजिश चल रही थी और आरोपियों ने आज मौका
देख कर इरफान की बेरहमी से हत्या कर दी.",,murder
भिवानी जिले के लोहारू हल्के में एक बहुत ही दर्दनाक हादसा हुआ. हादसे में तीन बच्चों की तालाब में डूबने से मौत हो गई है. तीनों की उम्र 8-10 साल के बीच थी. यह घटना अमृत सरोवर योजना के तहत बनाए जा रहे तालाब में हुई. सूचना पर मौके पर पहुंची पुलिस ने तीनों शवों को पोस्टमार्टम के लिए भेज दिया है.,,accident
"छोटी बाजार एरिया में संदीप यादव कार्बाइन लेकर एक ज्‍वेलरी शॉप पर पहुंचा था.
जब शॉप के मालिक ने सोने के जेवरात सौंपने से इनकार कर दिया था तो इसने, उन पर
गोली चला दी",,theft
"हरियाणा के पलवल में सेना में लेफ्टिनेंट रहे एक शख्स ने महज 2 घन्टे के अंदर
अलग-अलग जगहों पर 6 लोगों की हत्या कर दी. गिरफ्तार हुए इस साइको किलर की
हालत भी गंभीर है. दरअसल, मंगलवार रात करीब 2 बजे जब शख्स अपने हाथ में ये
लोहे की रॉड लेकर निकला तो उसे रास्ते में जो दिखा उसका कत्ल करता गया.",,murder
पीजीआई इलाके साउथ सिटी में शुक्रवार देर रात लोको के रिटायर्ड सेक्शन इंजीनियर रमाकांत लाल के घर में 6 से ज्यादा नकाबपोश डकैतों ने धावा बोल दिया। असलहों और चाकू के दम पर रमाकांत और उनकी पत्नी इंदू श्रीवास्तव को बंधक बना लिया।,,theft
"गुरुवार को बल्लभगढ़ के पास एक लोकल ट्रेन में चार मुस्लिम लड़कों की पिटाई
और एक लड़के की हत्या.",,murder
"हरियाणा पुलिस पश्चिम बंगाल की एक महिला से दो लोगों द्वारा दुष्कर्म किए जाने के आरोपों की जांच कर रही है जो उसे टीकरी बॉर्डर पर किसानों के प्रदर्शन स्थल पर ले गए थे. कोविड-19 के लक्षण सामने आने के बाद अस्पताल में महिला की मौत हो गई। थी. महिला के पिता ने आरोप लगाया कि उनकी बेटी से तब दुष्कर्म किया गया, जब वह किसानों का समर्थन करने के लिए एक संगठन के कुछ सदस्यों के साथ टीकरी बॉर्डर गई थी.",,rape
"हरियाणा के बहादुरगढ़ में 5 साल की मासूम बच्ची को एक युवक ने अपनी हवस का
शिकार बनाने की कोशिश की और जब बच्ची ने शोर मचाया तो उसका गला घोंट कर
उसे मौत के घाट उतार डाला. आरोपी बाद में मासूम बच्ची का शव झाड़ियों में फें क कर
फरार हो गया. मासूम बच्ची का शव शाम के समय सांखोल गांव की पंचायती जमीन
पर झाड़ियों में मिला.",,rape
हरियाणा के रोहतक में जींद व हिसार रोड को लिंक करने वाले बाईपास पर कार की टक्कर से मंगलवार देर रात बाइक सवार दो युवकों की मौत हो गई।,,accident
"हरियाणा के करनाल में लूट के इरादे से घर में हथियारबंद बदमाश घुस
गए। वहीं जान बचाने को दंपती ने पहली मंजिल से छलांग लगा दी। दंपती
की बेटी ने बदमाशों को पकड़ने का प्रयास किया तो उसे चाकू मारकर भाग
निकले। बदमाश सीसीटीवी कैमरे में कैद हुए हैं।",,theft
हरियाणा के रेवाड़ी शहर में ज्वैलर्स शोरूम में हुई लूट की वारदात,,theft
जींद में एक नाबालिग लड़की का अपहरण कर दुष्कर्म किया.एक महिला ने 16 अक्टूबर को पुलिस से शिकायत की थी कि 12 अक्टूबर रात को अकालगढ़ गांव का टिंकू उसकी 13 वर्षीय बेटी का घर से अपहरण कर एक खाली खेत में बने एक कमरे में गया था और वहां पर उसने उसके साथ दुष्कर्म किया था.,,rape
"रेवाड़ी में बदमाशों ने एक महिला की चाकू से गोदकर हत्या कर फरार हो गए.
दरअसल, बदमाश महिला के साथ लूट कर रहे थे, जब महिला ने इसका विरोध किया
तो बदमाशों ने चाकू से गोद दिया. घटना के दौरा महिला अकेली थी. महिला की
पहचान 65 वर्षीय दर्पण देवी के रूप में हुई है.",,murder
"बच्ची की मां से मिली शिकायत के आधार पर पुलिस ने बताया कि एक अप्रैल को घर के सभी लोग बाहर गए हुए थे और दादा पोती घर में थे. उन्होंने बताया कि इसी दौरान दादा ने बच्ची के साथ बलात्कार किया और इस बारे में किसी को भी बताने पर जान से मारने की धमकी दी. हालांकि, मां के घर लौटने पर बच्ची ने उन्हें सारी बातें बताईं, जिसके बाद पुलिस को तहरीर दी गई. महिला थाने की जांच अधिकारी प्रेम कुमारी ने बताया कि आरोपी दादा के खिलाफ मामला दर्ज कर आगे की कार्रवाई कर रही है.",,rape
पंचकुला में सीएडी सर्किल पर कबाड़ी की दुकान लगाने वाले फिरोज बैंडा को उसके तीन साथियों ने मिलकर मौत के घाट उतार दिया. तीन बदमाशों ने गोली मारकर फिरोज की हत्या कर दी.,,murder
"एक कंपनी के डिलीवरी एजेंट पटेल साजन कुमार और उनके सहयोगी जिगर पटेल
एक व्यापारिक सहयोगी को 50 लाख रुपये पहुंचाने के लिए गुरुग्राम जा रहे थे, तभी
उनके साथ लूट की ये वारदात हुई.",,theft
पंचकुला में जड़ी-बूटी बेचने के नाम पर लूट और डकैती करने वाले गिरोह,,theft
"13 साल की बच्ची के साथ चार महीने तक रेप होता रहा। उसके स्कूल के बाहर 62
साल का एक दुकानदार ये काम करता रहा। बच्ची किसी तरह इस ख़ौफ़नाक यातना के
बारे में बता पाई।",,rape
हिसार स्थित अग्रोहा में बेसहारा पशु से बाइक टकराने से 20 वर्षीय युवक गंभीर घायल हो गया। उसे अग्रोहा मेडिकल कॉलेज पहुंचाया गया। जहां डॉक्टरों ने उसे मृत घोषित कर दिया। सूचना मिलने के बाद पुलिस मौके पर पहुंची और शव को कब्जे में लेकर पोस्टमार्टम के लिए भेज दिया है।,,accident
करनाल इन्द्री रोड पर एक बार फिर तेज रफ्तार का कहर देखने को मिला। यहां कार चालक ने दो व्यक्तियों को टक्कर मार दी जिससे दोनों की मौके पर ही मौत हो गई। टक्कर इतनी जोरदार थी कि दोनों गाड़ियां बुरी तरह क्षतिग्रस्त हो गई।,,accident
"गांव सोलपुर (नुड) के पास कावड़िये को कैन्टर ने टक्कर मारी। गुस्साएं कावड़ियों ने दिल्ली- अलवर मार्ग पर जाम लगाया आज कायडिया दोजीराम पुत्र गंगाराम जाति सैनी यासी चौमा, जिला अलवर (राजस्थान) कावड़ लेकर अगोन चौक गांव सोलपुर के पास पहुंचा तो एक कैन्टर ने उसे टक्कर मार दी। जिसे घायल अवस्था में अस्पताल में दाखिल करवाया गया है। केन्टर चालक मौका से फरार हो गया।",,accident
गांव सांपली निवासी कुलदीप और रालियावास निवासी दीपक दोनों आपस में दोस्त थे। दोनों किसी फंक्शन में जाने के लिए गांव सांपली से बाइक पर सवार होकर साल्हावास जा रहे थे। इसी दौरान बीच रास्ते में तेज रफ्तार ऑल्टो गाड़ी ने पीछे से उनकी बाइक को टक्कर मार दी।,,accident
"हरियाणा के गुरुग्राम जिले में एक महिला से गैंगरेप करने का मामला सामने आया
है. गैंगरेप करने के बाद आरोपियों ने पीड़िता के पेट पर चाकू से हमला कर उसे घायल
कर दिया.",,rape
"दीवार फांदकर तमंचे की नोक पर वहां पर काम करने वाले कर्मचारी के हाथ-पैर
बांधकर घोड़ी लेकर फरार हो गया था.",,theft
हरियाणा के जींद में छात्रा का अपहरण कर उसके साथ सामूहिक बलात्कार करने तथा जातिसूचक गालियां देने के जुर्म में दो दोषियों को किया गिरफ्तार.,,rape
भिवानी से कलानौर (रोहतक) की तरफ आते समय गांव खरेडी मोड़ के पास एक होंडा इमेज अनियंत्रित होकर पेड़ से टकरा गई। जिससे कार में सवार दो व्यक्तियों की मृत्यु हो गई तथा 3 व्यक्ति घायल हो गए।,,accident
"हरियाणा के सोनीपत के गांव उमेदगढ़ में चोरों ने एक घर से 4.50 लाख
रुपए उड़ा लिए। महिला अपने भाई के घर से मकान बनाने के लिए ये रुपए
लेकर आई थी। बाइक पर आए अज्ञात युवकों पर चोरी का शक जताया गया
है। थाना राई पुलिस ने केस दर्ज कर छानबीन शुरू कर दी है।",,theft
"हरियाणा पुलिस ने गुड़गांव में 19 वर्षीय लड़की के साथ बलात्कार करने के आरोप
में एक तांत्रिक को गिरफ्तार किया है जो एक पंचायत समिति का पूर्व अध्यक्ष भी है।
पुलिस विभाग के एक प्रवक्ता ने बुधवार को इस बाबत जानकारी दी।",,rape
"रवेाड़ी शहर में म‍िष्‍ठा न कारोबारी के घर एक करोड़ रुपये की डकैती कॉलेज में पढ़ने
वाले छात्रों ने ही कारोबारी के घर डकैती की इस वारदात को अंजाम दिया थापुल‍िस ने
इस मामले में 5 में से 4 आरोपियों को माल के साथ धरदबोचा है और एक अन्‍य फरार
आरोपी की तलाश जारी है. कुल 5 आरोप‍ियों में से 3 छात्रों ने दो अन्‍य साथ‍ियों को
म‍िलाकर वारदात को अंजाम द‍िया था. आरोपियों ने यूट्यूब पर वीडियो देखकर वारदात
को अंजाम दिया था.",,theft
रोहतक के महम में सड़क हादसे में तीन श्रद्धालुओं की मौत हो गई और 24 लोग इस हादसे में घायल हो गए. यह हादसा रात करीब 3 बजे हिसार - दिल्ली हाईवे पर हुआ है. उत्तर प्रदेश के मेरठ के मोदीनगर से बगड़ धाम राजस्थान जा रहे श्रद्धालुओं की पिकअप गाड़ी को कैंटेनर ने टक्कर मारी दी,,accident
"अभियोजिका का बेटा होने के नाते दोषी को “उसकी सुरक्षा करनी चाहिए थी"", लेकिन वह उसका उत्पीड़क बन गया और “एक जानवर की तरह व्यवहार किया” और मां के साथ बलात्कार करने के बाद उसको आत्महत्या के लिए उकसाया",,rape
" केजीपी एक्सप्रैस-वे नजदीक मौजपुर टोल प्लाजा फरीदाबाद पर कावडियों के खड़े कैंटर को दूसरे कैंटर ने टक्कर मारी। एक कांवडिये की मौत व 5 घायल। कांवडिया शैलेन्द्र वासी ईंडरी ( नुह ) की मौका पर ही मौत हो गई। घायलों को मानवता अस्पताल बल्लबगढ़ मेंदाखिल करवाया गया है। कैंटर चालक कैंटर लेकर फरार हो गया। इस सम्बंध में मु.न. 191 दिनांक 11.07. 2023 धारा 279, 337, 304ए भा.द.स. थाना छायंसा में दर्ज किया गया।",,accident
लड़की ने बताया कि वह पिछले साल आरोपी राजेश के संपर्क में तब आई जब वह फरीदाबाद में रह रहा था. आरोपी एक निजी कंपनी में काम करता था और गांव सिही में किराए के मकान में रहता था. आरोपी ने उसके साथ कई बार दुष्कर्म किया और उसका वीडियो बना लिया. लड़की को बाद में पता चला कि आरोपी शादीशुदा है और उसकी पत्नी बिहार में रहती है. इसके बाद राजेश ने लड़की को धमकाना शुरू कर दिया. उसने सोशल मीडिया पर उसका विडियो शेयर न करने की ऐवज में पैसे वसूलना शुरू कर दिया. उसने लड़की को अपमानित करने के लिए उसकी अश्लील तस्वीरें उसके भाई और मामा को भेजीं. इसकी वजह से लड़की और उसका परिवार महीनों से तनाव और शर्मिंदगी के दौर से गुजर रहा था.,,rape
फतेहाबाद जिले के रतिया क्षेत्र में मंगलवार देर रात सड़क हादसे में श्री राम आश्रम डाक कांवड़ संघ के प्रधान की मौत हो गई। हादसे की सीसीटीवी फुटेज सामने आई है। एक्टिवा को थार में टक्कर मारी। स्कूटर राइटर उछलकर कई फीट दूर सड़क पर गिरा और उसकी मौके पर सिर में चोट लगने से मौत हो गई। पुलिस ने शव को कब्जे में लेकर थार ड्राइवर के खिलाफ मामला दर्ज कर लिया है।,,accident
"युवक बार-बार युवती को ब्लैकमेल कर रहा था. युवती ने ब्लैकमेलिंग से परेशान होकर प्रेमी से ऐसा बदला लिया कि उसकी मौत हो गई. 10 दिन बाद पेट्रोल डालकर प्रेमिका ने प्रेमी की लाश को जला डाला. दरअसल, प्रेमिका एक नर्स है और प्रेमी कंपाउंडर का काम करता था. नर्स ने बदले की भावना से प्रेमी को बेहोश करने इंजेक्शन का ओवरडोज देकर मौत की नींद सुला दी. 10 दिन बाद पेट्रोल डालकर मृत शरीर को जलाने की कोशिश की. उसके बाद प्रेमिका ने हड्डी और कपड़ों को दूसरे जगह ले जाकर जला दिया.",,murder
"हरियाणा में 23 साल की एक युवती के साथ सामूहिक बलात्कार किया गया और
फिर उसकी बर्बर तरीके से हत्या कर दी गई. रोहतक जिले में उसका क्षत-विक्षत शव
पाया गया.",,murder
"यमुनानगर में मोटरसाइकिल सवार चार बदमाश चांदनी चौक स्थित ओमिया
इंटरप्राइजेज के डिलीवरी एजेंट और उसके सहयोगी की कैब को रोकते और दोनों से
बंदूक के दम पर लगभग दो लाख रुपये नकदी से भरा बैग लूटते नजर आए थे.",,theft
"रोहतक के टिटौली गांव के खेतों के नाले से 8 से 10 साल की बच्ची का शव मिला
है. बच्‍ची के शव को नहर में मिला है और नहर में पानी कम होने की वजह से यह शव
वहीं अटक गया था. इस मामले में किसी अप्रिय घटना से इनकार नहीं किया जा सकता
है क्‍यों कि बच्ची के प्राइवेट पार्ट बाहर निकले हुए थे.",,rape
"सोनीपत में पति ने लॉकडाउन में पत्नी के घर जाने की जिद पर उसकी गला रेतकर
हत्या कर दी",,murder
सां वाली चूंगी सिटी हार्ट नजदीक भयानक सड़क हादसा होने के अनुसार तेज रफ्तार कार की टक्कर से 3 लड़कियां गंभीर घायल हो गई।,,accident
"हरियाणा के सोनीपत के कुं डली थाना क्षेत्र के गांव नाथूपुर में हने वाली भावना नाम
की एक महिला पर उसके पति गौरव ने चाकू से ताबड़तोड़ वार कर दिए. परिजन उसे
सोनीपत के एक निजी अस्पताल में लेकर पहुंचे जहां पर उसकी हालत नाजुक बनी हुई
है,सोनीपत के गांव नाथूपुर की रहने वाली भावना की शादी विवाह गांव लिवान के रहने
वाले गौरव के साथ पिछले माह बड़ी धूमधाम से की गई थी. शादी के बाद भावना पहली
होली मनाने अपने घर आ गई, जिसके बाद आज गौरव भावना से मिलने अपने ससुराल
पहुंचा और उसे बाइक पर बिठाकर खेतों की ओर ले गया और खेतों में ले जाकर गौरव
ने भावना को मौत के घाट उतारने के लिए उसकी गर्दन वह शरीर पर चाकू से वार किए,
लेकिन भावना उसके वालों से बचती हुई गांव की तरफ भाग आई. भावना की मां ने कहा
कि गौरव के उसकी भाभी के साथ नाजायज संबंध है, जिसके चलते उसने इस पूरी
वारदात को अंजाम दिया है।",,rape
प्रेमिका ने अपने पति के साथ मिलकर प्रेमी की पीट-पीट कर निर्मम हत्या कर दी और साक्ष्य छुपाने की नियत से शव को आधी रात को दफनाने की तैयारी कर रही थी. तभी पुलिस ने पहुंच कर शव को कब्जे में लेकर प्रेमिका सहित दो को हिरासत में ले लिया.,,murder
मदवि रोहतक में तैनात सिक्योरिटी गार्ड को नाका प्वाईंट ड्यूटी के दौरान एक मोटरसाईकिल ने टक्कर मार दी। जिसे घायल अवस्था में पीजीआई रोहतक में दाखिल कराया गया। जहां पर इसकी ईलाज के दौरान मौत हो गई।,,accident
"हरियाणा के पानीपत जिले के CIA-3 पुलिस ने चोरी करने वाले गिरोह के 3
आरोपियों को काबू किया है। आरोपियों से बाइक चोरी समेत खेतों से ट्यूबवेल की
केबल व निर्माणाधीन साइट से लोहे की शटरिंग की प्लेट चोरी करने की वारदातें खुली
है।",,theft
"हरियाणा के पलवल में सोहना रोड पर कार की टक्कर से बाइक सवार व्यक्ति की मौत हो गई, जबकी उसका भाई घायल हो गया। टक्कर मारने के बाद चालक कार कर मौके से भाग गया। पुलिस ने मामला दर्ज कर शव को पोस्टमॉर्टम के बाद उसके परिजनों को सौंप दिया।",,accident
"रेवाड़ी में युवक की हत्या का मामला है। संतोष और मनोज दोनों वेल्डिंग का कार्य
करते थे।रात को दोनों ने मिलकर शराब पी। इसके बाद किसी बात को लेकर दोनों में
विवाद हो गया। मनोज ने पास पड़ी लोहे की एंगल से संतोष के सिर पर कई बार वार
किए।",,murder
"रोहतक जिले में पड़ोस में रहने वाले एक युवक पर छठी क्लास में पढ़ने वाली बच्ची
के साथ रेप का आरोप लगा है।",,rape
जींद-पानीपत मार्ग पर मंगलवार दोपहर एक भीषण सड़क हादसा हो गया। जिसमें एक ही परिवार के पांच लोगों की दर्दनात मौत हो गई। बताया जा रहा है कि एक ही बाइक 6 लोग सवार थे और जब वे निर्जन गांव के पास पहुंचे तो उन्हें कैंटर ने टक्कर मार दी। मरने वाले हिसार जिले के खरकड़ा कलां के रहने वाले थे। जिनके शवों को पोस्टमॉर्टम के लिए जींद नागरिक अस्पताल में लाया गया है।,,accident
"आरके पुरम में दो बहनों की गोली मारकर हत्या करने के मामले में चार और लोगों
को गिरफ्तार किया है. पुलिस ने चारों से पूछताछ में हुए खुलासे को लेकर जानकारी दी
है.",,murder
"हरियाणा के सोनीपत में आधार कार्ड बनवाकर लौट रही एक युवती से तीन लोगों ने
कथित तौर पर बलात्कार किया.",,rape
"मनोज यादव और उसके छोटे भाई मंटू यादव के बीच किसी बात को लेकर विवाद
हो गया. देखते ही देखते विवाद इतना बढ़ गया कि मंटू ने अपने ही बड़े भाई मनोज की
हत्या कर दी.",,murder
"गांव ईगराह (जीन्द) के पास हरियाणा रोडवेज बस व कुजर गाडी की टक्कर में कुजर सवार 9 व्यक्तियों की मौत और 8 घायल 16 गंभीर घायलों को पीजीआई रोहतक का रैफर किया गया तथा 2 को नागरिक अस्पताल जीन्द में दाखिल करवाया गया। ज्ञात हुआ है कि यह दुर्घटना कूजर चालक द्वारा ओवरटेक करते समय हुई है। मृतकों की रवि उम्र 32 साल ( सीआरएसयू में लाइब्रेरियन) वासी मदनडेडी (हिसार) मनोज उम्र 45 साल, हरदीप उम्र 37 साल वासीयान मुंढाल (भिवानी). सुखविंदर उम्र 30 साल वासी बांदा हेड़ी मुंडाल (जीन्द), संजय उम्र 26 वर्ष वासी गांव सीवन ( कैथल ). राहुल उम्र 21 वर्ष वासी कामोद (दादरी ) व विमला उम्र 45 वर्ष पत्नी मगन वासी भकलाना (हिसार) के रूप में पहचान हुई है ।1 की पीजीआई में ईलाज के दौरान मौत हो गई।",,accident
भिवानी में आम की रखवाली कर रहे एक बुजुर्ग की हत्या. वृद्ध युवक बगीचे में आम की रखवाली कर रहे थे जब उनकी हत्या कर दी.,,murder
"रोहतक में 21 साल की एक दलित महिला के साथ कथित सामूहिक बलात्कार की
घटना.",,rape
हरियाणा में पंचकुला में पांच साल की बच्ची से बलात्कार कर उसकी हत्या करने वाले एक किशोर को शुक्रवार को गिरफ्तार कर लिया.,,rape
"महिला तारा कर्ज से परेशान थी। उसने अपने साथी मनोज के साथ मिलकर लूट की
योजना बनाई।",,theft
"यमुनानगर के एक परिवार को शादी में जाना पड़ गया।मौके का फायदा उठाकर चोर
उनका सारा घर साफ कर गए।चोर घर में से लाखों का कीमती सामान चुराकर ले गए।
राजेश कुमारएक प्राइवेट कंपनी में काम करता है। वह और उसका परिवार 19 जनवरी
को एक विवाह समारोह में शामिल होने के लिए होशियारपुर गए थे। वीरवार सुबह जब
वापस आए तो कोठी के ताले टूटे हुए थे। अंदर जाकर देखा तो सारा सामान बिखरा
पड़ा था।चोरों ने घर के अंदर रखी अलमारियों के ताले भी तोड़े थे। चोर घर में खड़ी एक
मोटरसाइकिल, दो एलईडी, दो गैस सिलेंडर समेत अन्य कीमती सामान ले गए। राजेश
कुमार के अनुसार करीब दो लाख रुपये का सामान चोरी हुआ है।",,theft
"थाना नागल के अन्तर्गत पुलिस की वर्दी पहनकर बदमाशों ने एक चीनी मिल से
निकले ट्रक को लूट लिया।",,theft
अवैध संबंध में भांजे ने मामी की नृशंस हत्या कर दी. 29 जून की सुबह अपनी मां ललिता मुर्मू को तलाशती पुत्री ने जब घर के पिछवाड़े में खून से लथपथ नग्न पड़ी मां के शव को देखा तो चीख पड़ी. धारदार हथियार से ललिता मुर्मू का गला रेतकर मार डाला गया था.,,murder
दिल्ली - वडोदरा एक्सप्रेस-वे पर मंडकोला हाइवे के पास हुए एक सड़क हादसे में दो सगे भाइयों सहित चार युवकों की दर्दनाक मौत हो गई। चारों युवक यूपी के शाहजहांपुर व बरेली जिला के रहने वाले थे। रविवार को युवक स्विफ्ट डिजायर कार में सवार होकर बालाजी मंदिर के दर्शनों के लिए जा रहे थे। मंडकोला हाइवे के समीप कार अनियंत्रित होकर पिलर से टकरा गई।,,accident
"मकान मालिक व उसके साथियों ने मिलकर किराएदार को कमरे में बंद कर इस कदर
पीटा कि उसकी मौत हो गई. मारपीट की आवाज कमरे से बाहर न जाए, इसके लिए
आरोपियों ने कमरे में तेज आवाज में म्यूजिक सिस्टम चला दिया. घायल को अस्पताल
में भर्ती कराया गया जहां इलाज के दौरान उसने दम तोड़ दिया.",,murder
पंचकुला में एक बुजुर्ग दंपति को बंधक बनाकर लाखों रुपये की डकैती,,theft
"हरियाणा के गुरुग्राम में एक व्यक्ति पर आरोप लगाया गया है कि उसने नौ साल की
अपनी बच्ची पर गर्म दूध फें का और उसे इस कदर पीटा कि उसकी खोपड़ी की हड्डी टूट
गई.",,murder
"हरियाणा के जींद शहर में एक व्यक्ति ने पहले महिला के साथ कथित रूप से दुष्कर्म
किया और फिर उसका अश्लील वीडियो बनाया। घटना के बारे में किसी को बताने पर
महिला को बुरा अंजाम भुगतने की धमकी दी गई।",,rape
"जींद के पास पेड़ पर लटका हुआ युवक का शव मिला.2 महीने पहले युवक का
हुआ था अपहरण",,murder
हरियाणा में सोनीपत में पहले युवक ने पीड़िता के साथ दोस्ती की और फिर उसके साथ बलात्कार कर वीडियो बना लिया तथा उसे वायरल करने की धमकी देने लगा. धमकी मिलने के बाद विधवा महिला ने आत्महत्या कर ली.,,rape
मोटरसाइकिल सवार लुटेरों ने मोटरसाइकिल से बैंक जा रहे रेडिएंट कम्पनी के कलेक्सन एजेंट को पहले गोली मारी उसके फिर उसके बाद रुपया से भरा बैग लूटना चाहा पर एनएच से गुजर रहे लोगो ने हल्ला मचाना शुरू कर दिया.,,murder
"सोनपुर में अपराधियों ने बैंक लूट के दौरान 1 सुरक्षाकर्मी की गोली मारकर हत्या कर
दी. इस घटना के बाद पुलिस सीसीटीवी के आधार पर मामले की जांच कर रही है.",,theft
"मामला हिसार शहर का है. यहां पर एक मोहल्ले में लीव इन रिलेशनशिप में रह रही
महिला ने चूली खुर्द निवासी प्रमोद उर्फ गोलू पर दुष्कर्म करने और अप्राकृतिक यौन
संबंध बनाने का आरोप लगाते हुए मामला दर्ज करवाया है. महिला ने आरोप लगाते हुए
कहा कि एक साल पहले इसकी इंस्टाग्राम पर दोस्ती हुई थी. उसके बाद प्रमोद उसको
शादी का झांसा देकर लगातार दुष्कर्म करता रहा. वह उससे मारपीट भी करता है. उसने
शिकायत की, लेकिन दोबारा से शादी का झांसा देकर उसने वह शिकायत वापस
दिलवा दी. अब दो फरवरी को वह शराब पीकर घर पर आया और उससे दुष्कर्म किया.",,rape
"बुधवार देर रात कुछ बदमाशों ने एक महिला और उसके बेटे से चलती रेलगाड़ी में
लूटपाट की और बाद में चलती रेलगाड़ी से नीचे फें क दिया। दोनों को गंभीर हालत में
एक निजी अस्पताल में भर्ती कराया गया है, जहां दोनों की हालत चिंताजनक बनी हुई
है।",,theft
"हरियाणा के गोहाना में सुरंग के जरिये बैंक लूट के मामले में एक नया
मोड़ आ गया है। पुलिस की जांच में सामने आ रहा है कि
बैंक लूट की साजिश में चार और लोग भी शामिल थे और इन्हें सुरंग खोदने के
लिए पांच-पांच हजार रुपये दिए गए थे।",,theft
"पलवल में एक मंदिर में तोड़फोड़ और लूट की घटना सामने आई है। हमलावरों ने
मंदिर में तोड़फोड़ की, दान पेटी से हजारों पाउंड कैश और कीमती सामान चुरा कर ले
गए।",,theft
"शहर की शास्त्री कॉलोनी से चोरी की बड़ी वारदात सामने आ रही है।
आरोपी चोर घर में सीढ़ी लगाकर घर घुसा 4 लाख 10 हजार रुपए की नकदी
पर हाथ साफ कर दिया। आरोपी ने शरीर पर कमीज नहीं पहन रखी थी।",,theft
"हरियाणा के यमुनानगर में एक नवविवाहिता से उसके पति के रिश्तेदारों और एक
तांत्रिक ने कथित तौर पर गैंगरेप किया. कुरुक्षेत्र में शनिवार को महिला के पिता द्वारा
दर्ज कराई गई शिकायत के मुताबिक पीड़िता की शादी इस साल 12 सितंबर को
यमुनानगर के निवासी से हुई थी. विवाह के तुरंत बाद उसके ससुरालवालों ने उसके पिता
को बुलाया और कहा कि वह मानसिक रूप से बीमार है.",,rape
दो युवकों ने उसके साथ बलात्कार किया और चारों युवकों ने उसके साथ छेड़छाड़ की. बलात्कार के बाद उसका कपड़े से मुंह और हाथ पैर बांधकर गांव के तालाब में डालकर मारने का प्रयास किया. लेकिन छात्रा के परिजन उसकी तलाश करते हुए पहुंचे जिसके बाद आरोपी सभी युवक भाग गए.,,rape
"रोहतक के सुनारिया गांव में एक युवक की सरेआम गली में बेरहमी से हत्या कर दीमृतक की पहचान रवि के नाम से हुई है, जिसके शरीर पर चाकुओं के कई निशान पाए गए हैं. गांव सुनारिया कलां का रहने वाला रवि 30 साल का है और रोहतक की नीपुरा में ड्राइवर की नौकरी करता था. त 8 बजे काम से लौट रहे रवि पर शिव मंदिर के नजदीक तालाब के पास दो-तीन हमलावरों ने अंधाधुंध चाकू मारना शुरू कर दिया, जिसके कारण रवि की मौके पर ही मौत हो गई.",,murder
"यमुनानगर के छछरौली के नेशनल हाईवे 907 पर शाम को एक दर्दनाक हादसा हो गया. यहां अशोक लीलैंड के पिकअप और ट्रक की जबरदस्त टक्कर हो गई, जिसले पिकअप में सवार लगभग दर्जनों लोग घायल हो गए. जिन्हें दो एंबुलेंस की सहायता से अस्पताल पहुंचाया गया है.",,accident
नैशनल हाईवे 152 डी पर गांव पिल्लूखेड़ा (जीन्द) के पास एक कार का ट्राला साथएक्सीडेंट हो गया। जिसमें कार चालक शिवराज वासी गांव जराना राजस्थान को मामूली चोटें लगी ।,,accident
"मृतक की कार का बंपर खुल गया था, जिसके चलते वह कार को सड़क किनारे रोक कर बांधने लगा। इस दौरान पीछे से आ रहे एक टेंपो ने उसे कुचल दिया।",,accident
"गांव भगडाना में तीन घरों में चोरी की वारदात को अंजाम दिया है, तीनों घरों से
लगभग 20 लाख रुपये से अधिक के सोने चांदी के आभूषण तथा कुछ नकदी चुरा ले
गए हैं। सूचना पाकर मौके पर पहुंची पुलिस ने मौका मुआयान किया तथा शिकायत के
आधार पर चोरी का मामला दर्ज कर लिया है।",,theft
पंचकुला में हुई जैन मुनि की हत्या,,murder
"उन्नाव में प्यार में धोखा खाई प्रेमिका ने थाने पहुंचकर पुलिस के सामने ही जहर
निगल लिया. लकड़ी के इस कदम से पुलिस महकमे में हडकंप मच गया",,murder
"जिला न्यायालय परिसर स्थित सिविल कोर्ट में तैनात महिला न्यायाधीश के मकान
का ताला तोड़कर चोरों ने लाखों रुपये का माल पार कर दिया। घटना को उस वक्त
अंजाम दिया जब वह अपने पति से मिलने देहरादून गई हुई थीं।",,theft
"करनाल में शनिवार की रात करीब 12 बजे रिंकू शराब के नशे में धुत होकर आया
और सोई हुई बेटी को जगाया। उससे पूछने लगा कि तुम्हारी मां कहा है। बेटी ने पता
नहीं का जवाब दिया, तो वह फिर से आपा खो बैठा। इसके बाद उसने बेटी को पीटना
शुरू कर दिया। पिटाई इतनी जबरदस्त थी कि बेटी ने मौके पर ही दम तोड़ दिया।",,murder
"हरियाणा के झज्जर जिले में हरियाणा पुलिस के ASI और भिवानी DC
के गनमैन के घर चोरी हो गई है। चोरों ने घर से कैश, आभूषण व घरेलू सामान
चुराया है। साल्हावास थाना पुलिस ने चोरी का केस दर्ज कर मामले की जांच
शुरू कर दी है।",,theft
पलवल में एक्सीडेंट में युवक की मौत होने पर गुस्सायें परिजनों ने 10 मिनट के लिये दिल्ली-आगरा हाईवे जाम किया । कृष्ण उर्फ कालू उम्र 32 वर्ष जाति गुज्जर वासी कुशलीपुर की दिल्ली-आगरा हाईवे पर अज्ञात वाहन की चपेट में आने से मौत हो गई। पुलिस ने समझा बुझाकर जाम खुलवा दिया।,,accident
"हरियाणा के गुरुग्राम में 10वीं कक्षा की एक छात्रा को उसके दो दोस्तों सहित पांच
युवकों ने यहां एक होटल में ले जाकर उसके साथ कथित तौर पर बलात्कार किया.",,rape
"हिसार में एक मां ने अपने ही 8 साल के बच्चे की हत्या कर दी.मां सहित 4 लोगोंने
अवैध संबंध की वजह से बच्चे की कथित हत्या कर शव सड़क के किनारे फें क
दिया.पहले जहरीला पदार्थ देकर उसकी हत्या करने की कोशिश की गई लेकिन जब
मौत नहीं हुई तो पानी में डुबोकर उसे मारा गया.",,murder
"जाट आंदोलन के दौरान मुरथल में गैंगरेप के मामले में पंजाब-हरियाणा हाइकोर्ट ने
हरियाणा पुलिस को फटकार लगाई है. हाइकोर्ट ने कहा कि मुरथल में गैंगरेप हुआ था
और इसके सबूत हैं",,rape
"नारनौल में अलग-अलग स्थानों से चोर नकदी व सामान चोरी करके ले गए। चोरों ने
भगवान के घर को भी नहीं बख्शा और मंदिर के शीशे तोड़कर नकदी चोरी करके ले
गए। दोनों मामलों की सूचना पुलिस को दे दी गई है।",,theft
नारनौल में कुछ युवाओं ने दुकान के बाहर गाड़ी करने को लेकर हुए विवाद में व्यापारी के साथ मारपीट की। इसके बाद हाथ में लाठी डंडे लेकर वे मुख्य मार्ग की तरफ फरार हो गए।,,accident
"हरियाणा के रोहतक में दिल्ली रोड पर फौजी ढाबे के पास सात माह पहले टायर
पेंचर बनाने वाले मिस्त्री बिहार निवासी मोहम्मद सदाब की हत्यावारदात उसके साथ
काम करने वाले यूपी के जिले हरदोई स्थित खिजीर नगर निवासी मनेंद्र उर्फ मुनिंद्र ने
अंजाम दी थी। सीआईए द्वितीय ने आरोपी को गिरफ्तार कर शनिवार को अदालत में
पेश किया",,murder
"हरियाणा के सोनीपत के राई थाना क्षेत्र के गांव में घर के अंदर कमरे का दरवाजा
तोडक़र घुसे तीन युवकों ने किशोरी से सामूहिक दुष्कर्म कर दिया. किशोरी की मां ने
मामले की शिकायत पुलिस को दी है.",,rape
दिल्ली-जयपुर हाइवे पर तेज रफ्तार कैंटर ने एक खड़ी कार में टक्कर मार दी। हादसे में कैंटर कार व साईड में खड़े परिवार को दूर तक घसीटता हुआ ले गया। जिससे परिवार के 3 बच्चों समेत 4 की दर्दनाक मौत हो गई। जबकि अन्य घायल हो गए। जिनको निकट के अस्पताल में भर्ती कराया गया है। वहीं हादसे को अंजाम देकर चालक अपने कैंटर को मौके पर छोडक़र फरार हो गया। हादसे की सूचना मिलते ही सेक्टर 40 थाना पुलिस मौके पर पहुंची और केस दर्ज कर जांच शुरू कर दी है।,,accident
"लुधियाना के न्यू राजगरु नगर में एटीएम में कैश जमा करवाने वाली एजेंसी सीएमएस
के कार्यालय में 7 करोड़ रुपये से ज्यादा की लूट लुटेरों ने बीती शुक्रवार रात करीब डेढ़
बजे इस घटना को अंजाम दिया. हालांकि लूट की इस घटना की जानकारी पुलिस को
सुबह 7 बजे मिली. कार्यलय से लूट करने के बाद लुटेरे परिसर से बाहर खड़ी कैश वैन
लेकर फरार हो गए.",,theft
पंचकुला में दिवाली की रात चोरों ने उड़ाए 15 करोड़ के गहने,,theft
"राजस्थान में आज कुछ बदमाशों ने गैंगस्टर कुलदीप जघीना की गोली मारकर हत्या
कर दी.",,murder
"आज रात को हरियाणा के खाड़ी शहर में एक डकैती की घटना हुई। चोरों ने एक गहने की दुकान में घुसकर लूटपाट की। सूचनाओं के अनुसार, घटना के समय दुकान में कुछ ग्राहक और कर्मचारी मौजूद थे। चोरों ने अपने मास्क पहने हुए बंदूकों से धमकाते हुए दुकान में घुस गए।",,theft
एक युवक का शव संदिग्ध परिस्थिति में कमरे से बरामद हुआ है. पुलिस हत्या और आत्महत्या मामले की जांच में जुट गई है. घटना पानीपत का है.,,murder
" हरियाणा के मनीपुरा जिले में एक बड़ी धाँधली के दौरान एक ज्वैलरी दुकान से सोने और ज्वैलरी की लूट हो गई है। यह घटना कल रात को घटी जब दुकान मालिक अपनी दुकान की देखभाल करने के लिए अपने घर से दूर गए हुए थे। सूत्रों के अनुसार, चार वापसी योजना रचकर धाँधली का यह प्रयास किया गया था। दो लोग दुकान के अंदर घुसे और दुकान में मौजूद ग्राहकों और कर्मचारियों को धमकाकर उन्हें बांध लिया। अन्य दो लोग तब तक गहरे रंग की गाड़ियों में पहले से तैनात थे जो उन्हें फरार करने में मदद करेंगी। लूटमारों ने सोने, ज्वैलरी और महशी के आभूषणों को उठा लिया। उन्होंने उपन्यासी रूप से ग्राहकों और कर्मचारियों को रोक लिया था जबकि दुकान में इन्हीं का इंतजार कर रहे दूसरे दो लूटेरे बहार खड़े थे ।",,theft
"हरियाणा के अंबाला शहर में एक व्यक्ति ने 30 वर्षीय विवाहित महिला का कथित
तौर पर अपहरण कर उसके साथ दुष्कर्म किया.सोशल मीडिया पर महिला से दोस्ती के
बाद आरोपी ने महिला को नौकरी दिलाने का वादा किया था. महिला को अवैध रूप से
बंधक बनाकर दुष्कर्म करने का आरोप है.",,rape
"गुरुवार को पीड़िता अपनी सहेली के घर रात में रुकने के लिए गई थी जहां आरोपी ने
उसे कुछ पेय पदार्थ दिया और इसके बाद बलात्कार किया.",,rape
मंगलौरा चौकी के पास हुए भीषण सड़क हादसे में मां-बेटे की मौत हो गई। घटना बुधवार की बताई जा रही है। मृतकों की पहचान भुसली निवासी 20 वर्षीय हिमांशु व उसकी मां के रूप में हुई है। पुलिस ने दोनों शवों का पोस्टमार्टम करवा कर शव परिजनों को सौंप दिया है। वहीं आरोपी गाड़ी चालक को पुलिस हिरासत में लेकर जांच में जुट गई है।,,accident
"न्यू राजगुरु नगर इलाके में हथियारबंद लुटेरे एक नकद प्रबंधन सेवा कंपनी के
कार्यालय से बड़ी रकम लूट ले गए। लूट उस वक्त हुई जब 10-12 लुटेरों ने यहां
सीएमएस सिक्योरिटीज के चार सुरक्षा गार्ड पर हमला कर दिया और कंपनी की नकदी
से भरी एक वैन लेकर फरार हो गए।",,theft
सोनीपत के गांव शामड़ी में गली में सो रहे बुजुर्ग की गला रेतकर बेरहमी से हत्या कर दी. जहां पड़ोसी ने सुबह मामले के बारे में मृतक के परिवार को बताया.,,murder
गत रात्रि अक्षय उम्र 25 वर्ष वासी सिरसा कावड़ लेकर जा रहा था। गांव बन मोड़ रादौर (कुरुक्षेत्र) के पास एक मोटरसाईकिल ने इसको पीछे से टक्कर मार दी। जिसे टांग पर चोट आने पर सीएचसी लाडवा ले जाया गया । ,,accident
"आज रात को हिसार, हरियाणा के एक आवासीय क्षेत्र में एक घर में चोरी के दौरान रहवासियों के सामान को ले जाने वाले अज्ञात आपराधिक तत्वों के बारे में शिकायत पंजीकृत की गई है। सूत्रों के मुताबिक, चोरी की घटना रात के समय हुई जब घर के मालिक और परिवार सदस्य सो रहे थे। अपराधी संगठन के सदस्य धीरे-धीरे और सावधानीपूर्वक उनके आवास में घुस गए और सामान की तलाश में कमरे में चले गए। चोरों ने तेजी से काम किया और गहने, नकद धन, मोबाइल फोन और अन्य महत्वपूर्ण वस्त्रादि को लूट लिया। रहवासियों ने सुबह उठकर चोरी की जांच की और अपनी शिकायत को पुलिस निवेदन के रूप में पंजीकृत किया।",,theft
"हरियाणा के पंचकूला में एक महिला ने आरोप लगाया है कि 40 लोगों ने उसे बंधक
बना कर रखा और चार दिन तक उससे बलात्कार किया.40 लोगों ने उसे बंधक बना कर
रखा और चार दिन तक उससे बलात्कार किया. वह नौकरी की तलाश में बाहर निकली
थी जब उसे एक गेस्ट हाउस में बंधक बना कर रखा गया. चंडीगढ़ पुलिस के पास कल
एक शिकायत दर्ज कराई गई जिसमें उसने आरोप लगाया कि उसे 15 जुलाई से 18
जुलाई तक मोरनी हिल्स के एक गेस्ट हाउस में कैद कर रखा गया जहां आरोपियों ने
बारी-बारी से उससे बलात्कार किया. आरोपियों में से एक उसके पति का जानकार था
और उसने गेस्ट हाउस में उसे नौकरी दिलाने का वादा किया था.",,rape
"हरियाणा में पलवल-अलीगढ़ मार्ग पर गन्नीकी मोड़ पर हुए हादसे में मासूम बच्ची की मौत हो गई है। वहीं महिला सहित तीन लोग गंभीर घायल हैं, जिनका इलाज चल रहा है। पुलिस ने अज्ञात वाहन चालक के खिलाफ मामला दर्ज कर लिया।",,accident
"खरगोन शहर में मंगलवार की रात सोनम एग्रोटेक कॉटन जिनिंग फैक्ट्री में लूट की
वारदात से हड़कंप मच गया. यहां नकाबपोश चड्डी बनियान पहने 10 लुटेरों ने 9 लाख
रुपए की लूट को अंजाम दिया है. इस दौरान फैक्ट्री में मौजूद मजदूरों पर चड्डी बनियान
गैंग के लुटेरों ने पथराव कर दिया और टूटी दीवार फांद कर भाग निकले.",,theft
"हरियाणा के यमुनानगर में एक 14 वर्ष की लड़की रेप की खबर है। इस लड़की को
कार में लिफ्ट देने के नाम कुछ युवाओं ने अगवा किया और रेप करने के बाद जंगल में
छोड़ दिया।",,rape
"हरियाणा से कांग्रेस के राज्यसभा सांसद शादीलाल बत्रा पर बलात्कार का आरोप
लगा है. दिल्ली की एक महिला वकील ने उन पर यह आरोप लगाया है.",,rape
"मिर्ज़ापुर गांव में आपसी झगडे़ के चलते लाठियों से हमला करके एक युवक को मौत
के घाट उतार दिया.",,murder
"हरियाणा के चरखी दादरी जिले के मुख्यालय दादरी के निकटवर्ती गांव की एक
विवाहिता से तीन युवकों द्वारा गैंग रेप करने का मामला.",,rape
"यमुनानगर में व्‍यापारी के नौकर की हत्‍या और 50 लाख लूट मामले का पुलिस ने
खुलासा किया है।श्रवण सिंह की हत्‍या सरबजीत ने साथियों के साथ की थी। सरबजीत
का यमुनानगर की कई वारदात में शामिल होने का भी पर्दाफाश हुआ।",,theft
"फरीदाबाद के इंदिरा कॉलोनी में ईंट से मारकर 49 वर्षीय पप्पू सिंह की हत्या.क्राइम
ब्रांच की टीमों द्वारा अन्य आरोपियों सूरज, सुनील धोड़े, बंटी, गोलू और भल्ला इत्यादि
की तलाश में दबिश दी जा रही है.पप्पू सिंह वाईएमसीए चौक पर चाय के रेहड़ी लगाते
थे. पप्पू के नाबालिग बेटे विष्णु को आरोपी फिरोज शराब पिलाता था. पप्पू ने एतराज
किया था. फिरोज व उसके साथी सूरज, सुनील उर्फ धोड़े, बंटी, भल्ला और गोलू ने इसी
बात पर हत्या की वारदात को अंजाम दिया.",,murder
"इलाके में एक एएसआई पर चाकू से हमला हुआ है। हमलवार डकैती का आरोपी है
और जिस समय एएसआई उसे मायापुरी थाने ले जा रहे थे, उसी वक्त उसने हमला
किया।",,theft
"आर्मी के भगोड़े जवान ने बनाया ATM लूट गैंग, हरियाणा और पंजाब में
लूटे 24 एटीएम",,theft
स्विफ्ट कार सड़क पर खड़े कैंटर में जा घुसी। टक्कर इतनी जबरदस्त थी कि तीन दोस्त कार में बुरी तरह पिस गए।,,accident
पानीपत में नौकर ने अपने ही मालिक को बंधक बना क्र उसका घर लूटा मौके को तब वारदात दी जब उसकी बीवी अपनी बहन के घर कुछ दिन रहने गयी थ। लूट के बाद मालिक को वहीं बंधा छोड़ कर भाग गया।,,theft
"तीन लोगों ने यहां एक चलती कार में एक दलित महिला के साथ कथित रूप से
सामूहिक बलात्कार किया. उन्होंने यहां के नरवाना-टोहाना मार्ग पर महिला को गाड़ी में
बिठाया था.",,rape
पंचकूला के सेक्टर-5 के बेला विस्टा होटल के पीछे मोड़ पर हरियाणा रोडवेज की बस ने बाइक पर जा रहे ट्रैफिक पुलिसकर्मी को टक्कर मार दी। इस हादसे में पुलिसकर्मी की मौत हो गई। मृतक पुलिसकर्मी की उम्र 45 साल तथा नाम अरुण कुमार मेहरा है। जोकि पंचकूला के रायपुररानी में परिवार के साथ रहता था।,,accident
"हरियाणा में करनाल के लघु सचिवालय स्थित सरल कें द्र में हुई चोरी25 लाख के
साथ सबूत का DVR ले गए चोर बुधवार की रात को लघु सचिवालय में बने सरल कें द्र
में चोर 25 लाख की नकदी पर हाथ साफ कर गए थे। चोर लॉकर तोड़कर अंदर घुसे
थे। सब कुछ तीसरी आंख यानी सीसीटीवी कैमरों में कैद हो रहा था, लेकिन चोरी के
बाद चोर सीसीटीवी कैमरों की रिकॉर्डिंग बॉक्स DVR अपने साथ ले गए। यदि DVR
बच जाता तो पुलिस के हाथ बड़े सुराग लग सकते थे।",,theft
दिल्ली - हिसार मार्ग पर गांव ढाणा कलां के पास स्विफ्ट डिजायर कार का एक ऑटो के साथ एक्सीडेंट हो गया। जिसमें आटो में सवार 6 सवारियों को चोटें लगी। जिन्हें नागरिक अस्पताल हांसी में प्राथमिक उपचार के उपरान्त उनके घर भेज दिया गया है।,,accident
पलवल जिले में नेशनल हाईवे 19 पर बंचारी गांव के पास हादसे में महिला की मौत हो गई है। जबकि उसका पति गंभीर रूप से घायल हो गया। पुलिस ने घायल की शिकायत पर अज्ञात वाहन के अज्ञात चालक के खिलाफ मुकदमा दर्ज कर लिया है। पुलिस ने शव को पोस्टमार्टम के बाद परिजनों को सौंप दिया।,,accident
"गुरुवार को भोला मिठाई की दुकान से यह कहकर निकला था कि वह बच्ची को
उसके घर छोड़ देगा. लेकिन जब देर शाम तक बच्ची घर नहीं पहुंची तो उसके
अभिभावक ने उसे ढूंढ़ना शुरू कर दिया. इसके बाद बच्ची के परिजन भोला के घर
पहुंचे.4 साल की बची के साथ रपे और लाश को कंटेनर में छुपाया",,rape
"बॉयफ्रेंड अपनी गर्लफ्रेंड को लेकर फॉर्महाउस पहुंचा. वहां उसके तीन दोस्त मौजूद
थे. उन्होंने मिलकर लड़की को नशीला पदार्थ मिलाकर चाय पिलाई. इसके बाद
बॉयफ्रेंड ने लड़की को दोस्तों के हवाले कर दिया. दोस्तों ने उसके साथ गैंगरेप किया,
जब लड़की को होश आया तो वहां बॉयफ्रेंड नहीं था, सिर्फ उसके तीन दोस्त थे.यह पूरा
मामला फतेहाबाद हरियाणा का है.",,rape
"हरियाणा के करनाल के सेक्टर-13 में चोरों ने एक मकान में सेंध लगाकर लाखों रुपए
की नकदी व गहनों पर हाथ साफ कर दिया। बताया जा रहा है कि पहले चोरों ने घर में
बैठकर शराब पी और उसके बाद घर के कीमती सामान को चुरा लिया। मकान मालिक
बोले करीब 50 लाख रुपए की चोरी हुई है।",,theft
"16 वर्षीय नाबालिग लड़की के साथ दुष्कर्म की वारदात को अंजाम देने वाले आरोपी को महिला थाना बल्लभगढ़ की टीम ने बिहार से गिरफ्तार किया है. इस मामले में पीड़ित लड़की बीमार रहने लगी, अक्टूबर 2022 में हॉस्पिटल जाने पर पता चला कि लड़की पांच महीने से गर्भवती है. लड़की के गर्भवती होने का पता चलते ही आरोपी फरार हो गया था.",,rape
"जींद में दहेज के लिए नवविवाहिता की हत्या, शव को जलाने का प्रयास.",,murder
"लूटपाट की इस वारदात में आरोपियों ने कुल 25 लाख रुपये कैश और 3 किलो
सोने पर हाथ साफ किया। आरोपियों द्वारा लूटे गए सोने की कुल कीमत 1.70 करोड़
रुपये बताई जा रही है।",,theft
हरियाणा के झज्जर जिले में शुक्रवार की अल सुबह तेज रफ्तार कैंटर ने तीन प्रवासी मजदूरों की जिंदगी लील ली। यह प्रवासी मजदूर अपने साथियों के साथ काम की तलाश में गुरुग्राम से एक स्कॉर्पियो गाड़ी से झाड़ली पॉवर प्लांट जा रहे थे। जब वे गांव सिलानी के पास ही पहुंचे थे तो यह हादसा हो गया। स्कॉर्पियो में एक दर्जन के प्रवासी मजदूर यूपी के रहने वाले थे। हादसे के बाद कैंटर चालक मौके से फरार हो गया।,,accident
"हरियाणा के जींद जिले के ऐचरा कलां गांव में रहने वाले दिव्यांग सतपाल की
मौत.उसकी पत्नी ने अपने भाई के साथ मिल कर गला घोंट कर हत्या की और फिर उसे
हादसे का शक्ल दे दिया.",,murder
"पंचकुला के अधीन आने वाली गौर सिटी सोसाइटी में मंगलवार को दो अज्ञात
व्यक्तियों ने एक फ्लैट में दरवाजा खटखटाया, उस वक्त परिवार में एक महिला और
उसकी करीब 2 साल की बच्ची मौजूद थी। चोरों ने पानी पिलाने को कहा और घर में
घुसकर चाकू की नोक पर सारा सामान लूट लिया।",,theft
"संदीप दो दिन पहले ही अपनी पत्नी ख़ुशी के साथ अपनी बहन की ससुराल
रघुनाथपुरा में आया हुआ था। शनिवार सुबह लगभग 10 बजे संदीप और ख़ुशी के बीच
किसी बात को लेकर विवाद हो गया और उसने घर में रखे जुताई करने वाले कृषि यंत्र
को से पत्नी के सर पर दे मारा, जिससे ख़ुशी की मौके पर मौत हो गई।",,murder
"गुरुग्राम में अवैध संबंध के शक में एक शख्स ने पत्नी के प्रेमी की हत्या आरोपी ने
अपने दो साथियों के साथ मिलकर इस जघन्य हत्याकांड को अंजाम दिया. पत्नी के
शादी से इतर संबंधों का पता चलने के बाद मुख्य आरोपी ने आपा खो दिया और पत्नी
के प्रेमी को जमकर पीटने के बाद बिल्डिंग की तीसरी मंजिल से फें क दिया, ताकि हत्या
को आत्महत्या की तरह दिखाया जा सके.",,murder
कैथल में गंदे पानी की निकासी की बात को लेकर शुक्रवार शाम को मामूली कहासुनी पर दो पक्षों में झगड़ा हो गया था. इस झगड़े के दौरान रॉड से हमले में एक बुजुर्ग गंभीर रूप से घायल हो गया था. इलाज के दौरान मृत्यु हो गई.,,murder
"हरियाणा में एक गर्भवती बकरी के साथ बलात्कार का मामला आया है. हरियाणा के
मेवात में एक गर्भवती बकरी के साथ 8 लोगों ने रेप किया, जिसके बाद उसकी मौत हो
गई. हालांकि, बकरी के मालिक ने 26 जुलाई को पुलिस में एक शिकायत दर्ज कराई
है.",,rape
हरियाणा की एक मॉडल को शादी का झांसा देकर पश्चिमी उत्तर प्रदेश के शामली जिले में एक फोटोग्राफर ने उसके साथ बार-बार दुष्कर्म किया.,,rape
"कैथल के खेतों में एक युवक का शव पड़ा हुआ है, जिसके बाद पुलिस मौके पर पहुंची और शव के पास पड़ी मोटरसाइकिल के नंबर के आधार पर मृतक युवक की जानकारी जुटाई गई. युवक की पहचान कुरुक्षेत्र जिला के विकास उर्फ बंटी के रूप में हुई. पुलिस ने मृतक के परिजनों को सूचित किया तथा परिजनों ने शव की पहचान की. इस दौरान मृतक युवक के परिजनों ने आरोप लगाया कि विकास को उसकी प्रेमिका ज्योति ने फोन करके कुरुक्षेत्र से यहां बुलाया तथा हांसी में उसकी पिटाई की.",,murder
"गुरुग्राम में शुक्रवार को तीन यात्रियों ने ओला के एक कैब ड्राइवर के साथ लूटपाट
की। पुलिस ने यह जानकारी देते हुए बताया कि आरोपियों ने ड्राइवर से उसका
आईफोन और बटुआ छीन लिया। कैब ड्राइवर सचिन कुमार द्वारा दर्ज शिकायत के
अनुसार, घटना सेक्टर 89-ए में तड़के करीब 2.45 बजे हुई। शिकायत में कहा गया है
कि गुरुग्राम रेलवे स्टेशन पर एक यात्री को छोड़ने के बाद, कुमार को स्टेशन के पास से
करीब ढाई बजे ओला ऐप पर एक बुकिंग मिली, जिसके बाद तीन लोग उसकी गाड़ी में
सवार हो गए।",,theft
"फतेहाबाद की इस महिला द्वारा बलात्कार की शिकायत दर्ज कराने के बाद पति
अनिल और देवर सुनील अपनी मां समेत जाकर नहर में कूद गए, जिससे दोनों भाइयों
की मौत हो गई।",,rape
"थानेसर मे शादी के महज छह महीने बाद ही एक नवविवाहिता द्वारा फंदे से लटककर
आत्महत्या की.लड़की ओडिशा की रहने वाली है और थानेसर के एक युवक से
इंस्ट्राग्राम से प्यार के बाद शादी रचाई थी.",,murder
"हरियाणा के जींद में गढी थानाक्षेत्र से एक छात्रा का अपहरण कर उसके साथ
दुष्कर्म करने का मामला सामने आया है.",,rape
"जींद (हरियाणा) में एक गौशाला से बरामद हुई एसयूवी कार में मिले जले हुए शव
और खून के धब्बे हरियाणा में मारे गए जुनैद और नासिर भरतपुर निवासी जुनैद और
नासिर के जले हुए शव 16 फरवरी को हरियाणा के भिवानी जिले में एक वाहन से मिले
थे. मृतकों के परिवारों ने आरोप लगाया कि बजरंग दल के सदस्यों ने उन्हें पीटा और
उनकी हत्या कर दी.",,murder
"15 साल की बची के साथ दादा ताऊ और नौकर ने दुष्कर्म कर के उसकी हत्या कर
द। वारदात को तब अंजाम दिया जब उसके माँ बाप बहार गए थे.",,murder
"गांव खरकडा (हांसी) से एक क्रूजर गाड़ी जिसमें 6 व्यक्ति सवार थे, नैशनल हाईवे नम्बर–9, हिसार दिल्ली मार्ग पर गांव रामपुरा के पास एक मोटर साईकिल सवार को बचाते हुये कुचर चालक ने बैक लगाये गये तो, यह सड़क के साईड में खड़े द्वाला में टकरा गई। जिस कारण कजर में सवार 5 व्यक्तियों की मौका पर ही मौत हो गई व एक महिला घायल हो गई। जिसे मैडिकल कॉलेज अग्रोहा भेजा गया ।",,accident
"शनिवार देर शाम को सेक्टर 14 में रहने वाले बजे सिंह स्कूटी पर सवार होकर चौथा
मिल के नजदीक दूध लेने जा रहे थे। जब वह मिल के पास पहुंचे तो पीछे से तेज रफ्तार
कार ने स्कूटी को टक्कर मार दी। कार उन्हें करीब 100 मीटर तक घसीटते ले गई।",,murder
मुकेश वासी चरखी दादरी अपनी पत्नी व बेटे के साथ मोटरसाइकिल पर छुछकवास से चरखी दादरी की तरफ जा रहा था। जिसे पीछे से अज्ञात डंपर ने इनकी मोटरसाईकिल को टक्कर मार दी। टक्कर से मुकेश की मौके पर ही मौत हो गई तथा इसकी पत्नी रूबी को पीजीआई रोहतक एडमिट किया गया है तथा मुकेश के बेटे सौरभ को सामान्य हस्पताल झज्जर में दाखिल करवाया गया।,,accident
"लड़की के परिवारवालों का कहना है कि आरोपी की भाभी ने लड़की को चाय पर
बुलाया था और चाय में नशीला पदार्थ मिलाकर उसे बेहोश कर दिया।नाबालिग को
बलात्कार के बाद छत से फें का",,rape
"हरियाणा में सोनीपत के गोहाना में एक छात्रा के साथ गैंगरेप का मामला सामने
आया है। दुकान पर सामान लेने गई 11वीं की इस छात्रा के साथ चार लोगों ने दुकान के
गोदाम में गैंगरेप किया।",,rape
